:020000040800F2
:10000000005000204D2C0008F926000801270008A8
:100010000927000811270008192700080000000020
:10002000000000000000000000000000017D00084A
:100030002127000800000000E17E00085D5900084B
:10004000952C0008952C0008952C0008952C00088C
:10005000952C0008952C0008952C0008952C00087C
:10006000952C0008952C0008952C0008952C00086C
:10007000952C0008952C0008952C0008952C00085C
:10008000952C0008952C0008952C0008952C00084C
:10009000952C0008952C0008952C0008952C00083C
:1000A000952C0008952C0008952C0008952C00082C
:1000B0002D270008952C0008952C0008952C000889
:1000C000952C0008952C0008952C0008952C00080C
:1000D000952C0008412700085527000869270008CB
:1000E000952C0008952C0008952C000800000000B5
:1000F0000000000000000000000000000000000000
:0C01000000000000000000005FF808F1A3
:1001100010B5054C237833B9044B13B10448AFF341
:1001200000800123237010BDD801002000000000D2
:10013000A0C2000808B5034B1BB103490348AFF345
:10014000008008BD00000000DC010020A0C2000803
:1001500010F8012B11F8013B012A28BF9A42F7D071
:10016000D01A7047034613F8012B002AFBD1181A46
:100170000138704781F0004102E000BF83F0004386
:1001800030B54FEA41044FEA430594EA050F08BF32
:1001900090EA020F1FBF54EA000C55EA020C7FEAF6
:1001A000645C7FEA655C00F0E2804FEA5454D4EB73
:1001B0005555B8BF6D420CDD2C4480EA020281EA3D
:1001C000030382EA000083EA010180EA020281EA75
:1001D0000303362D88BF30BD11F0004F4FEA0131C7
:1001E0004FF4801C4CEA113102D0404261EB4101D6
:1001F00013F0004F4FEA03334CEA133302D052425C
:1002000063EB430394EA050F00F0A780A4F1010417
:10021000D5F1200E0DDB02FA0EFC22FA05F2801851
:1002200041F1000103FA0EF2801843FA05F3594137
:100230000EE0A5F120050EF1200E012A03FA0EFCB6
:1002400028BF4CF0020C43FA05F3C01851EBE371E0
:1002500001F0004507D54FF0000EDCF1000C7EEBFD
:1002600000006EEB0101B1F5801F1BD3B1F5001F3B
:100270000CD349085FEA30004FEA3C0C04F101045A
:100280004FEA445212F5800F80F09A80BCF1004F83
:1002900008BF5FEA500C50F1000041EB045141EA05
:1002A000050130BD5FEA4C0C404141EB0101013CCE
:1002B00028BFB1F5801FE9D291F0000F04BF0146BD
:1002C0000020B1FA81F308BF2033A3F10B03B3F18F
:1002D00020020CDA0C3208DD02F1140CC2F10C021F
:1002E00001FA0CF021FA02F10CE002F11402D8BF7D
:1002F000C2F1200C01FA02F120FA0CFCDCBF41EA49
:100300000C019040E41AA2BF01EB0451294330BD17
:100310006FEA04041F3C1CDA0C340EDC04F11404F4
:10032000C4F1200220FA04F001FA02F340EA0300CB
:1003300021FA04F345EA030130BDC4F10C04C4F111
:10034000200220FA02F001FA04F340EA03002946F1
:1003500030BD21FA04F0294630BD94F0000F83F43B
:10036000801306BF81F480110134013D4EE77FEA1E
:10037000645C18BF7FEA655C29D094EA050F08BF6A
:1003800090EA020F05D054EA000C04BF194610464B
:1003900030BD91EA030F1EBF0021002030BD5FEA8F
:1003A000545C05D14000494128BF41F0004130BDB7
:1003B00014F580043CBF01F5801130BD01F000450B
:1003C00045F0FE4141F470014FF0000030BD7FEA7E
:1003D000645C1ABF194610467FEA655C1CBF0B4679
:1003E000024650EA013406BF52EA033591EA030F90
:1003F00041F4002130BD00BF90F0000F04BF002188
:10040000704730B54FF4806404F132044FF00005BA
:100410004FF0000150E700BF90F0000F04BF002133
:10042000704730B54FF4806404F1320410F0004599
:1004300048BF40424FF000013EE700BF42004FEA94
:10044000E2014FEA31014FEA02701FBF12F07F4311
:1004500093F07F4F81F06051704732F07F4208BFC8
:10046000704793F07F4F04BF41F40021704730B5CF
:100470004FF4607401F0004521F000411CE700BF1B
:1004800050EA010208BF704730B54FF000050AE09E
:1004900050EA010208BF704730B511F0004502D59F
:1004A000404261EB41014FF4806404F132045FEAA1
:1004B000915C3FF4D8AE4FF003025FEADC0C18BF4A
:1004C00003325FEADC0C18BF033202EBDC02C2F13C
:1004D000200300FA03FC20FA02F001FA03FE40EACE
:1004E0000E0021FA02F11444BDE600BF70B54FF0D2
:1004F000FF0C4CF4E06C1CEA11541DBF1CEA1355B0
:1005000094EA0C0F95EA0C0F00F0DEF82C4481EA17
:10051000030621EA4C5123EA4C5350EA013518BF37
:1005200052EA033541F4801143F4801338D0A0FB24
:1005300002CE4FF00005E1FB02E506F00042E0FBD1
:1005400003E54FF00006E1FB03569CF0000F18BFD7
:100550004EF0010EA4F1FF04B6F5007F64F540747F
:1005600004D25FEA4E0E6D4146EB060642EAC62112
:1005700041EA55514FEAC52040EA5E504FEACE2E7F
:10058000B4F1FD0C88BFBCF5E06F1ED8BEF1004F82
:1005900008BF5FEA500E50F1000041EB045170BDFE
:1005A00006F0004646EA010140EA020081EA030142
:1005B000B4EB5C04C2BFD4EB0C0541EA045170BD3E
:1005C00041F480114FF0000E013C00F3AB8014F1B8
:1005D000360FDEBF002001F0004170BDC4F1000401
:1005E000203C35DA0C341BDC04F11404C4F1200582
:1005F00000FA05F320FA04F001FA05F240EA0200DD
:1006000001F0004221F0004110EBD37021FA04F612
:1006100042EB06015EEA430E08BF20EAD37070BDCC
:10062000C4F10C04C4F1200500FA04F320FA05F02B
:1006300001FA04F240EA020001F0004110EBD3702D
:1006400041F100015EEA430E08BF20EAD37070BD9D
:10065000C4F1200500FA05F24EEA020E20FA04F376
:1006600001FA05F243EA020321FA04F001F0004125
:1006700021FA04F220EA020000EBD3705EEA430E96
:1006800008BF20EAD37070BD94F0000F0FD101F0C5
:100690000046400041EB010111F4801F08BF013CFE
:1006A000F7D041EA060195F0000F18BF704703F03C
:1006B0000046520043EB030313F4801F08BF013DC3
:1006C000F7D043EA0603704794EA0C0F0CEA13557F
:1006D00018BF95EA0C0F0CD050EA410618BF52EA39
:1006E0004306D1D181EA030101F000414FF000003F
:1006F00070BD50EA410606BF1046194652EA43064D
:1007000019D094EA0C0F02D150EA013613D195EAC0
:100710000C0F05D152EA03361CBF104619460AD108
:1007200081EA030101F0004141F0FE4141F4700112
:100730004FF0000070BD41F0FE4141F4780170BD02
:1007400070B54FF0FF0C4CF4E06C1CEA11541DBF67
:100750001CEA135594EA0C0F95EA0C0F00F0A7F869
:10076000A4EB050481EA030E52EA03354FEA013196
:1007700000F088804FEA03334FF0805545EA1313A9
:1007800043EA12634FEA022245EA111545EA106571
:100790004FEA00260EF000419D4208BF964244F108
:1007A000FD0404F5407402D25B084FEA3202B61A27
:1007B00065EB03055B084FEA32024FF480104FF4FB
:1007C000002CB6EB020E75EB030E22BFB61A75466F
:1007D00040EA0C005B084FEA3202B6EB020E75EB02
:1007E000030E22BFB61A754640EA5C005B084FEA6A
:1007F0003202B6EB020E75EB030E22BFB61A754637
:1008000040EA9C005B084FEA3202B6EB020E75EB41
:10081000030E22BFB61A754640EADC0055EA060E02
:1008200018D04FEA051545EA16754FEA06164FEA45
:10083000C30343EA52734FEAC2025FEA1C1CC0D1F1
:1008400011F4801F0BD141EA00014FF000004FF07E
:10085000004CB6E711F4801F04BF01430020B4F13F
:10086000FD0C88BFBCF5E06F3FF6AFAEB5EB030CF7
:1008700004BFB6EB020C5FEA500C50F1000041EBF4
:10088000045170BD0EF0004E4EEA113114EB5C04C1
:10089000C2BFD4EB0C0541EA045170BD41F4801194
:1008A0004FF0000E013C90E645EA060E8DE60CEA9C
:1008B000135594EA0C0F08BF95EA0C0F3FF43BAFB9
:1008C00094EA0C0F0AD150EA01347FF434AF95EA70
:1008D0000C0F7FF425AF104619462CE795EA0C0F54
:1008E00006D152EA03353FF4FDAE1046194622E721
:1008F00050EA410618BF52EA43067FF4C5AE50EAFB
:1009000041047FF40DAF52EA43057FF4EBAE12E7EA
:100910004FF0FF3C06E000BF4FF0010C02E000BFCB
:100920004FF0010C4DF804CD4FEA410C7FEA6C5CAE
:100930004FEA430C18BF7FEA6C5C1BD001B050EA51
:10094000410C0CBF52EA430C91EA030F02BF90EA3C
:10095000020F0020704710F1000F91EA030F58BFFB
:10096000994208BF90422CBFD8176FEAE37040F05D
:10097000010070474FEA410C7FEA6C5C02D150EAFB
:10098000013C07D14FEA430C7FEA6C5CD6D152EAB6
:10099000033CD3D05DF8040B704700BF844610467B
:1009A00062468C461946634600E000BF01B5FFF77A
:1009B000B7FF002848BF10F1000F01BD4DF808ED4A
:1009C000FFF7F4FF0CBF012000205DF808FB00BF1B
:1009D0004DF808EDFFF7EAFF34BF012000205DF875
:1009E00008FB00BF4DF808EDFFF7E0FF94BF0120C2
:1009F00000205DF808FB00BF4DF808EDFFF7CEFFC3
:100A000094BF012000205DF808FB00BF4DF808ED01
:100A1000FFF7C4FF34BF012000205DF808FB00BFD2
:100A20004FEA410C7FEA6C5C02D150EA013C0AD1EA
:100A30004FEA430C7FEA6C5C02D152EA033C02D1DC
:100A40004FF0000070474FF0010070474A0011D28C
:100A500012F5001211D20DD56FF47873B3EB625218
:100A60000ED44FEAC12343F0004343EA505323FA24
:100A700002F070474FF00000704750EA013002D199
:100A80004FF0FF3070474FF0000070474FEA4102CF
:100A9000B2F1E04324BFB3F5001CDCF1FE5C0DD9DC
:100AA00001F0004C4FEAC0024CEA5070B2F1004F26
:100AB00040EB830008BF20F00100704711F0804F29
:100AC00021D113F13872BCBF01F00040704741F4EE
:100AD00080114FEA5252C2F11802C2F1200C10FAF2
:100AE0000CF320FA02F018BF40F001004FEAC123D6
:100AF0004FEAD32303FA0CFC40EA0C0023FA02F37A
:100B00004FEA4303CCE77FEA625307D150EA01334F
:100B10001EBF4FF0FE4040F44000704701F000401F
:100B200040F0FE4040F40000704700BF4FF0FF3C33
:100B300006E000BF4FF0010C02E000BF4FF0010CD7
:100B40004DF804CD4FEA40024FEA41037FEA226CA0
:100B500018BF7FEA236C11D001B052EA530C18BFC2
:100B600090EA010F58BFB2EB030088BFC81738BF27
:100B70006FEAE17018BF40F0010070477FEA226C15
:100B800002D15FEA402C05D17FEA236CE4D15FEA11
:100B9000412CE1D05DF8040B704700BF8446084645
:100BA0006146FFE70FB5FFF7C9FF002848BF10F106
:100BB000000F0FBD4DF808EDFFF7F4FF0CBF01204B
:100BC00000205DF808FB00BF4DF808EDFFF7EAFFD5
:100BD00034BF012000205DF808FB00BF4DF808ED90
:100BE000FFF7E0FF94BF012000205DF808FB00BF85
:100BF0004DF808EDFFF7D2FF94BF012000205DF80B
:100C000008FB00BF4DF808EDFFF7C8FF34BF012017
:100C100000205DF808FB00BF38B500220023044621
:100C20000D46FFF7D5FE28B920462946BDE83840D5
:100C300000F00AB8204605F1004100F005F84042F6
:100C400061EB410138BD00BFD0B500220B4B064619
:100C50000F46FFF74BFCFFF7F9FE0446FFF7CCFB0E
:100C60000022074BFFF742FC02460B46304639464E
:100C7000FFF784FAFFF7EAFE2146D0BD0000F03D01
:100C80000000F04180B5C2B000AF4021AB4802F097
:100C90005DFD0346002B1AD1A94B1B78002B16D003
:100CA000A84B1B7883F00103DBB2002B0FD0A44BC1
:100CB0001B78013BDAB2A24B1A70A34B00221A70C8
:100CC000A04B01221A70FA2004F03CFF02E09D4B79
:100CD00000221A708021994802F038FD0346002B4B
:100CE00013D19A4B1B7883F00103DBB2002B0CD09D
:100CF000934B00221A70944B00221A70934B0122DE
:100D00001A70FA2004F01EFF02E0904B00221A70C5
:100D10008B4B1B780D2B00F2898301A252F823F034
:100D2000590D0008990D0008EF0D0008CF0E0008BE
:100D30002B100008331100080B120008590D000891
:100D4000590D00082713000899130008590D0008D1
:100D5000590D0008590D00082021784802F0F6FCD2
:100D60000346002B40F05183754B1B780C2B09D8A0
:100D7000734B1B780133DAB2714B1A70FA2004F00E
:100D8000E1FE05E06E4B00221A70FA2004F0DAFE54
:100D90006D4B00221A7038E301F026FF6C4B1B7874
:100DA000002B00F034836A4B00221A7007F1CC0349
:100DB000684A6949184607F0F3FD07F1CC03194664
:100DC000664807F017FF0346002B0CD0644801F07B
:100DD00043FE5B4B1B780133DAB2594B1A705A4B06
:100DE00000221A7013E35F4801F036FE0FE301F0B2
:100DF000FBFE574B1B78002B00F00B83544B00225B
:100E00001A7007F134036C220021184607F05BFECC
:100E100007F134031946514800F0AEFE002387F86D
:100E20000731002387F806314C4801F015FED7F84A
:100E300084304FF082411846FFF7DAFE0346002B5C
:100E40000CD0D7F8843048491846FFF7C7FE034650
:100E5000002B03D0012387F8073102E0434801F05B
:100E6000FBFDD7F8883042491846FFF7C1FE03461C
:100E7000002B0CD0D7F888303E491846FFF7AEFE5D
:100E80000346002B03D0012387F8063102E03A48DD
:100E900001F0E2FD97F80731002B14D097F80631E6
:100EA000002B10D040F2DC5004F04CFE334801F02F
:100EB000D3FD254B00221A70214B1B780133DAB287
:100EC0001F4B1A70A5E22E4801F0C6FDA1E201F009
:100ED0008BFE1F4B1B78002B00F09D821C4B0022C9
:100EE0001A70012387F8053107F134036C220021C1
:100EF000184607F0E8FD07F134031946174800F0DB
:100F00003BFE0023C7F800315AE007F19202D7F800
:100F1000003113441B78002B36D0002387F80531AD
:100F2000D7F800315A1C3B461649184607F038FDE1
:100F30003B46184601F090FD3DE000BF000801402F
:100F4000F401002001020020020200200302002020
:100F500070030020F8010020B8C2000874030020CC
:100F6000C4C20008E4C200080000204118C3000801
:100F7000000030410000604140C3000864C3000825
:100F800080C30008C8C3000807F19202D7F80031F7
:100F900013441B7883F00103DBB2002B0BD0D7F88E
:100FA00000315A1C3B46B549184607F0F9FC3B4650
:100FB000184601F051FDD7F800310133C7F8003170
:100FC000D7F80031072BA0DD97F80531002B1CD096
:100FD000AB4801F041FD40F2DC5004F0B3FDA94BF9
:100FE0001B780133DAB2A74B1A70A74B00221A7094
:100FF000A64B00221A704FF496720021A44807F005
:1010000062FDA44B00221A8005E2A34801F024FDF2
:101010009D4B00221A704FF4967200219C4807F0F5
:1010200052FD9C4B00221A80F5E101F0DDFD9B4B47
:101030001B78002B00F0F181984B00221A700123DD
:1010400087F8FF3007F134036C220021184607F0BF
:101050003AFD07F1340319468D4800F08DFD002359
:10106000C7F8F83033E007F19202D7F8F8301344AC
:101070001B7883F00103DBB2002B0FD0002387F82D
:10108000FF30D7F8F8305A1C3B468549184607F020
:1010900087FC3B46184601F0DFFC13E007F19202A3
:1010A000D7F8F83013441B78002B0BD0D7F8F83062
:1010B0005A1C3B467B49184607F072FC3B461846D3
:1010C00001F0CAFCD7F8F8300133C7F8F830D7F888
:1010D000F830072BC7DD97F8FF30002B1CD0724883
:1010E00001F0BAFC40F2DC5004F02CFD654B1B789B
:1010F0000133DAB2634B1A70644B00221A70624BF0
:1011000000221A704FF496720021614807F0DBFC50
:10111000604B00221A8080E1644801F09DFC4FF48E
:10112000967200215A4807F0CEFC5A4B00221A80D2
:1011300073E101F059FD594B1B78002B00F06F81D2
:10114000564B00221A70012387F8F73007F1340359
:101150006C220021184607F0B6FC07F1340319464B
:101160004B4800F009FD0023C7F8F03033E007F1E9
:101170009A02D7F8F03013441B78002B0FD00023CD
:1011800087F8F730D7F8F0305A1C3B4648491846E4
:1011900007F006FC3B46184601F05EFC16E007F13E
:1011A0009A02D7F8F03013441B7883F00103DBB2C6
:1011B000002B0BD0D7F8F0305A1C3B463D4918465F
:1011C00007F0EEFB3B46184601F046FCD7F8F0303E
:1011D0000133C7F8F030D7F8F030022BC7DD97F8AD
:1011E000F730002B00F01B81334801F035FC40F252
:1011F000DC5004F0A7FC234B1B780133DAB2214BFF
:101200001A70224B00221A7009E101F0EDFC234B09
:101210001B78002B00F00581204B00221A7001235F
:1012200087F8EF3007F134036C220021184607F0ED
:101230004AFC07F134031946154800F09DFC0023D1
:10124000C7F8E83055E007F19A02D7F8E8301344C0
:101250001B7883F00103DBB2002B31D0002387F829
:10126000EF30D7F8E8305A1C3B461449184607F0CF
:1012700097FB3B46184601F0EFFB35E0E0C3000862
:10128000F4C30008F4010020040200200202002040
:1012900074030020A004002008C40008700300208C
:1012A00068C4000880C4000894C40008A8C40008EA
:1012B00008C5000820C5000834C500084CC5000852
:1012C00007F19A02D7F8E83013441B78002B0BD0B3
:1012D000D7F8E8305A1C3B46A849184607F060FB8F
:1012E0003B46184601F0B8FBD7F8E8300133C7F8A1
:1012F000E830D7F8E830022BA5DD97F8EF30002B67
:1013000000F08F809E4801F0A7FB40F2DC5004F013
:1013100019FC9C4B1B780133DAB29A4B1A709A4B2A
:1013200000221A707DE02021984802F00FFA03464F
:10133000002B78D101F058FC954B1B78002B72D014
:10134000934B00221A7007F134036C2200211846D7
:1013500007F0B9FB07F1340319468E4800F00CFC86
:1013600097F890304A2B10D18B4801F075FB40F272
:10137000DC5004F0E7FB834B1B780133DAB2814B7E
:101380001A70814B00221A704DE0844801F064FB12
:101390007D4B00221A7046E020217C4802F0D6F9ED
:1013A0000346002B41D101F01FFC794B1B78002B29
:1013B0003BD0774B00221A7007F134036C220021D6
:1013C000184607F080FB07F134031946714800F016
:1013D000D3FB97F890304E2B10D1714801F03CFBB5
:1013E00040F2DC5004F0AEFB664B1B780133DAB2FE
:1013F000644B1A70644B00221A7016E0694801F0C1
:101400002BFB614B00221A700FE000BF0EE000BF03
:101410000CE000BF0AE000BF08E000BF06E000BF2C
:1014200004E000BF02E000BF00E000BF554B1B78A6
:101430000D2B00F2618301A252F823F0751400080D
:10144000171500088D160008C71600084117000878
:10145000BB17000811180008851800082519000896
:10146000C91900081F1A0008551A0008851A000833
:10147000B51A0008444B1B7883F00103DBB2002B44
:1014800000F03C83484801F071FA00224FF480419B
:10149000464802F072F900224FF400613B4802F026
:1014A0006CF901224FF40041404802F066F9012234
:1014B0004FF40041354802F060F9012208213B4811
:1014C00002F05BF900222021384802F056F9002290
:1014D0004021364802F051F900228021334802F0C1
:1014E0004CF94FF4967200212A4807F0ECFA642276
:1014F00000212F4807F0E7FA092200212D4807F0C4
:10150000E2FA2D4801F0A8FA0A2004F01BFB1E4B5A
:1015100001221A70F2E21C4B1B7883F00103DBB24C
:10152000002B16D04FF4967200211A4807F0CBFA20
:10153000174B00221A70214B00221A8064220021CE
:101540001B4807F0C0FA1E4801F086FA0E4B012234
:101550001A701C4B1B78002B00F0D282194B002212
:101560001A7007F1C00300221A605A601A72002331
:10157000C7F8E4300023C7F8E03047E064C500084E
:1015800078C50008F4010020020200200008014094
:10159000700300207403002090C50008A8C500084F
:1015A000DCC50008F4C5000828C60008000C01408E
:1015B000F4040020F801002030C60008A004002038
:1015C00044C60008F0040020C04AD7F8E0301344B5
:1015D0001B780D2B15D0BD4AD7F8E03013441B788B
:1015E0000A2B0ED0D7F8E4305A1CC7F8E420B749CC
:1015F000D7F8E0200A44127803F584733B4403F8DB
:10160000482CD7F8E0300133C7F8E030AF48FEF798
:10161000A9FD0246D7F8E0309A42D5D807F1C002BA
:10162000D7F8E430134400221A70D7F8E430082BBE
:1016300028D107F1C00308221946A54807F06AFA25
:1016400007F1A003A24AA349184607F0A9F907F138
:10165000A003184601F08AF90A2004F073FA07F192
:10166000A003184601F082F99B4801F0F5F94FF408
:101670007A7004F067FA994801F078F9322004F0A2
:1016800061FA3DE2964801F0E7F939E2954B1B78A3
:1016900083F00103DBB2002B00F03482924801F0AA
:1016A000DBF94FF4FA7004F04DFA904801F05EF95E
:1016B0004FF4FA7004F046FA8D4801F0CDF9894BE9
:1016C00001221A701EE2874B1B7883F00103DBB204
:1016D000002B09D0874801F0BFF94FF4FA7004F0ED
:1016E00031FA804B01221A702021834802F02EF833
:1016F0000346002B18D1814B1B7883F00103DBB22A
:10170000002B11D07D4B01221A704FF496720021EC
:10171000774807F0D8F97A4B00221A80794B0022DB
:101720001A70724801F022F92021734802F00EF875
:101730000346002B00F0E881704B00221A70E3E1B1
:10174000684B1B7883F00103DBB2002B09D06E4895
:1017500001F082F94FF4FA7004F0F4F9614B0122C0
:101760001A702021644801F0F1FF0346002B18D1C4
:10177000624B1B7883F00103DBB2002B11D05F4B6F
:1017800001221A704FF496720021594807F09BF914
:101790005B4B00221A805B4B00221A70534801F009
:1017A000E5F82021544801F0D1FF0346002B00F05A
:1017B000AD81524B00221A70A8E14A4B1B7883F08E
:1017C0000103DBB2002B00F0A381504801F044F983
:1017D0004FF4FA7004F0B6F901224FF400414C487E
:1017E00001F0CBFF01224FF40041434801F0C5FF57
:1017F00001220821464801F0C0FF4FF4487004F070
:10180000A1F93A4801F0B2F8364B01221A707FE193
:10181000344B1B7883F00103DBB2002B00F07A819C
:101820003C4801F0A3F83C4801F016F94FF4FA7077
:1018300004F088F900224FF40041354801F09DFF83
:1018400000224FF400412C4801F097FF00220821AC
:101850002F4801F092FF4FF4487004F073F94FF4F1
:1018600096720021224807F02EF9254B00221A809B
:10187000244B00221A701D4801F078F8194B012200
:101880001A7047E1174B1B7883F00103DBB2002B82
:1018900000F0428101224FF400411D4801F06DFF2C
:1018A00001224FF40041144801F067FF0122082192
:1018B000174801F062FF194801F0CEF8184801F00E
:1018C00055F8084B01221A7026E100BFF4040020ED
:1018D000F801002058C6000860C6000888C6000845
:1018E00090C6000802020020D0C60008E4C6000826
:1018F00074030020ECC60008000801400402002028
:10190000A00400207003002000C7000814C70008CE
:10191000000C014028C6000828C700083CC7000882
:1019200050C70008854B1B7883F00103DBB2002B06
:1019300000F0F48000224FF40061814801F01DFFA7
:10194000804801F013F8804801F086F840F2E24048
:1019500004F0F8F87D4801F07FF8012220217C484E
:1019600001F00BFF4FF4FA6004F0ECF800222021A4
:10197000774801F002FF774801F06EF8012240211C
:10198000734801F0FAFE4FF4FA6004F0DBF800222D
:1019900040216F4801F0F1FE6F4801F05DF801222F
:1019A00080216B4801F0E9FE4FF4FA6004F0CAF8B8
:1019B0006A4801F051F800228021654801F0DDFEFF
:1019C0005E4B01221A70A9E05C4B1B7883F0010387
:1019D000DBB2002B00F0A480002220215C4801F043
:1019E000CCFE002240215A4801F0C7FE002280218F
:1019F000574801F0C2FE5A4801F02EF84FF47A70B1
:101A000004F0A0F801224FF400614D4801F0B5FE4A
:101A1000544800F0ABFF494B01221A7080E0474B5D
:101A20001B7883F00103DBB2002B7BD000224FF444
:101A30000061434801F0A1FE4B4801F00DF84FF45E
:101A40007A7004F07FF8474800F090FF3B4B01228A
:101A50001A7067E0394B1B7883F00103DBB2002B6F
:101A600062D000224FF48041394801F086FE4FF4E5
:101A70007A7004F067F83D4800F0EEFF2F4B01222A
:101A80001A7051E02D4B1B7883F00103DBB2002B61
:101A90004CD04FF47A7004F055F8354800F0DCFF74
:101AA00001224FF480412A4801F067FE234B0122B6
:101AB0001A703BE0214B1B7883F00103DBB2002B53
:101AC00036D04FF47A7004F03DF82A4800F0C4FF95
:101AD00000224FF400411E4801F04FFE41F27660B3
:101AE00004F030F801224FF40041194801F045FE9E
:101AF000124B01221A701BE000BF1AE000BF18E071
:101B000000BF16E000BF14E000BF12E000BF10E00D
:101B100000BF0EE000BF0CE000BF0AE000BF08E01D
:101B200000BF06E000BF04E000BF02E000BF00E02D
:101B300000BF00BF07F58477BD4680BD02020020CC
:101B40000008014028C6000858C700086CC70008F4
:101B5000000C014074C700087CC7000884C7000857
:101B600090C70008E4C60008A4C70008BCC7000866
:101B7000D4C70008ECC7000880B58CB000AF78600F
:101B800039609449786806F0D9FFF862002387F835
:101B90002B30002387F82A3012E105228E49F86A9B
:101BA00006F0A6FF0346002B06D13B681A468B4978
:101BB000F86A06F017FFFEE005228949F86A06F088
:101BC00097FF0346002B07D13B6820331A4685490F
:101BD000F86A06F007FFEEE005228349F86A06F08E
:101BE00087FF0346002B07D13B6840331A467F49E5
:101BF000F86A06F0F7FEDEE005227D49F86A06F095
:101C000077FF0346002B07D13B6850331A467949CA
:101C1000F86A06F0E7FECEE005227749F86A06F09A
:101C200067FF0346002B07D13B6854331A467349BC
:101C3000F86A06F0D7FEBEE005227149F86A06F0A0
:101C400057FF0346002B2BD197F82B3083F001036D
:101C5000DBB2002B0DD03B6858331A466949F86A4D
:101C600006F0C0FE0346012B03D1012387F82B3079
:101C7000A1E097F82A3083F00103DBB2002B00F0DB
:101C80009A803B685C331A465F49F86A06F0AAFE00
:101C90000346012B40F08F80012387F82A308AE029
:101CA00005225A49F86A06F023FF0346002B07D1A4
:101CB0003B685D331A465649F86A06F093FE7AE0AF
:101CC00005225449F86A06F013FF0346002B33D16E
:101CD000FB6A05337B6223E07B69002B15DD7B69A2
:101CE000082B12DC07F110034B491846FEF730FAB7
:101CF00002467B69013B002A0CBF01220022D1B2BF
:101D00003A6813440A4683F85E202021786A06F078
:101D1000E2FEB861BB69002B4AD0BB6901337B622C
:101D200007F1100307F114023C49786A06F05AFEE5
:101D30000346022BD0D03EE005223949F86A06F06E
:101D4000D7FE0346002B36D1FB6A05333B6223E006
:101D5000FB68002B15DDFB68032B12DC07F1080381
:101D60002D491846FEF7F4F90246FB68013B002AAC
:101D70000CBF01220022D1B23A6813440A4683F80C
:101D800066202021386A06F0A6FEF861FB69002B68
:101D900010D0FB6901333B6207F1080307F10C0225
:101DA0001E49386A06F01EFE0346022BD0D002E020
:101DB00000BF00E000BF0749002006F0BFFEF86248
:101DC000FB6A002B7FF4E9AE00BF00BF3037BD4691
:101DD00080BD00BF04C8000808C8000810C800087B
:101DE00020C8000828C8000838C8000840C80008F3
:101DF00050C8000858C8000864C800086CC800082B
:101E000078C8000880C800088CC8000898C8000876
:101E1000A0C80008ACC80008B4C80008B8C80008CA
:101E2000C0C8000880B500AF00F036FF00F032F8FF
:101E300000F048F900F0C8F800F068FD00F0ACFDD3
:101E400000F0DAFD00F082F800F0ECF803F0A0FDFD
:101E50000A4A00210A4803F0E3FD0346094A1360D9
:101E6000094A0021094803F0DBFD0346084A1360D4
:101E700003F0B0FD0023184680BD00BF14C9000860
:101E800039220008D402002038C9000821220008A5
:101E9000D802002080B594B000AF07F128032822B3
:101EA0000021184606F00FFE07F1140300221A6005
:101EB0005A609A60DA601A613B1D00221A605A600B
:101EC0009A60DA600123BB624FF48033FB62002327
:101ED0003B630123BB6302237B644FF48033BB6409
:101EE0004FF4E013FB6407F12803184601F0BAFD34
:101EF0000346002B01D000F0BFF90F237B610223C2
:101F0000BB610023FB614FF480633B6200237B6273
:101F100007F114030221184602F026F80346002BAD
:101F200001D000F0A9F902237B604FF44043FB602D
:101F30003B1D184602F0D6F90346002B01D000F0F5
:101F40009BF900BF5037BD4680BD000080B584B00E
:101F500000AF3B1D00221A605A609A60184B194A64
:101F60001A60174B00229A60154B00221A73144B0B
:101F700000221A75124B4FF46022DA61104B0022D6
:101F80005A600F4B01221A610D4800F0B7FE03465C
:101F9000002B01D000F070F908237B600123BB60A7
:101FA0000023FB603B1D1946054800F07FFF0346F8
:101FB000002B01D000F060F900BF1037BD4680BD96
:101FC000080200200024014080B500AF124B134AE4
:101FD0001A60114B124A5A600F4B00229A600E4B46
:101FE0000022DA600C4B4FF480421A610A4B002247
:101FF0005A61094B00229A61074B0022DA61064BB5
:1020000000221A62044801F0E9FB0346002B01D0CC
:1020100000F032F900BF80BD3802002000540040BB
:10202000A086010080B586B000AF07F1080300224A
:102030001A605A609A60DA603B4600221A605A6061
:102040001E4B1F4A1A601D4B00225A601B4B002278
:102050009A601A4B4FF6FF72DA60184B00221A6131
:10206000164B00225A61154B00229A61134802F068
:10207000EFF90346002B01D000F0FEF84FF4805337
:10208000BB6007F1080319460C4802F073FB0346D6
:10209000002B01D000F0F0F800233B6000237B60B0
:1020A0003B461946054802F055FD0346002B01D07A
:1020B00000F0E2F800BF1837BD4680BD8C0200205A
:1020C000002C014080B588B000AF07F1100300225A
:1020D0001A605A609A60DA604C4B9B694B4A43F035
:1020E00010039361494B9B6903F01003FB60FB688D
:1020F000464B9B69454A43F020039361434B9B69E0
:1021000003F02003BB60BB68404B9B693F4A43F030
:10211000040393613D4B9B6903F004037B607B6880
:102120003A4B9B69394A43F008039361374B9B69EB
:1021300003F008033B603B6800224FF4C041344881
:1021400001F01BFB002248F61001324801F015FB9C
:1021500000224EF2FE01304801F00FFB4FF4C04365
:102160003B6101237B610023BB610223FB6107F11B
:1021700010031946264801F065F94FF400433B610E
:1021800000237B610023BB6107F11003194620483F
:1021900001F058F9E3233B6100237B610023BB611D
:1021A00007F1100319461B4801F04CF948F61003DB
:1021B0003B6101237B610023BB610223FB6107F1CB
:1021C00010031946134801F03DF94EF2FE033B613E
:1021D00001237B610023BB610223FB6107F1100334
:1021E00019460D4801F02EF94FF480533B610B4B1B
:1021F0007B610023BB6107F110031946064801F01B
:1022000021F900BF2037BD4680BD00BF001002404D
:102210000010014000080140000C014000001110B6
:1022200080B582B000AF7860FEF72CFD322003F05D
:1022300089FC00BFF8E7000080B582B000AF78608D
:102240001021044801F0B1FA4FF4FA7003F07AFC5F
:1022500000BFF5E7000C014080B582B000AF7860A8
:102260007B681B68B3F1804F01D100F02BFD00BFEC
:102270000837BD4680BD000080B500AF72B600BF14
:10228000014800F0E9FBFBE7E8C8000880B584B02E
:1022900000AF184B9B69174A43F001039361154B3C
:1022A0009B6903F00103BB60BB68124BDB69114AF9
:1022B00043F08053D3610F4BDB6903F080537B60A5
:1022C0007B6800220F216FF0010000F0DEFF0A4B57
:1022D0005B68FB60FB6823F0E063FB60FB6843F036
:1022E0000073FB60044AFB68536000BF1037BD46B3
:1022F00080BD00BF001002400000014080B588B0E2
:1023000000AF786007F1100300221A605A609A60EB
:10231000DA607B681B68144A934221D1134B9B6996
:10232000124A43F400739361104B9B6903F40073EA
:10233000FB60FB680D4B9B690C4A43F008039361FB
:102340000A4B9B6903F00803BB60BB6801233B6138
:1023500003237B6107F110031946054801F072F869
:1023600000BF2037BD4680BD002401400010024060
:10237000000C014080B58AB000AF786007F114030B
:1023800000221A605A609A60DA607B681B681D4AF6
:10239000934232D11C4B9B691B4A43F00803936163
:1023A000194B9B6903F008033B613B694FF4407391
:1023B0007B611223BB6103233B6207F114031946BF
:1023C000124801F03FF8124B5B687B627B6A43F076
:1023D000E0637B627B6A43F002037B620C4A7B6AA8
:1023E0005360094BDB69084A43F40013D361064B81
:1023F000DB6903F40013FB60FB6800BF2837BD46B0
:1024000080BD00BF0054004000100240000C01409D
:102410000000014080B485B000AF78607B681B6825
:10242000094A93420BD1094B9B69084A43F4006364
:102430009361064B9B6903F40063FB60FB6800BF7C
:102440001437BD4680BC7047002C0140001002408C
:1024500080B58CB000AF786007F1200300221A60CD
:102460005A609A60DA607B681B685F4A93423AD18F
:102470005E4B9B695D4A43F4804393615B4B9B6970
:1024800003F48043FB61FB69584B9B69574A43F057
:1024900004039361554B9B6903F00403BB61BB6963
:1024A0004FF400733B6202237B620323FB6207F15C
:1024B000200319464E4800F0C5FF4FF480633B628D
:1024C00000237B620023BB6207F1200319464848C2
:1024D00000F0B8FF00220521252000F0D6FE2520BF
:1024E00000F0EFFE7CE07B681B68424A934238D1E3
:1024F0003E4BDB693D4A43F40033D3613B4BDB6920
:1025000003F400337B617B69384B9B69374A43F0A6
:1025100004039361354B9B6903F004033B613B6902
:1025200004233B6202237B620323FB6207F1200347
:1025300019462F4800F086FF08233B6200237B6288
:102540000023BB6207F120031946294800F07AFFF7
:1025500000220521262000F098FE262000F0B1FE82
:102560003EE07B681B68244A934239D11F4BDB69EC
:102570001E4A43F48023D3611C4BDB6903F48023A0
:10258000FB60FB68194B9B69184A43F00803936191
:10259000164B9B6903F00803BB60BB684FF4806374
:1025A0003B6202237B620323FB6207F1200319468F
:1025B000124800F047FF4FF400633B6200237B6248
:1025C0000023BB6207F1200319460C4800F03AFFD4
:1025D00000220521272000F058FE272000F071FE80
:1025E00000BF3037BD4680BD0038014000100240BA
:1025F000000801400044004000480040000C014039
:1026000080B58EB000AF78600023FB620023BB6210
:10261000002387F83330344BDB69334A43F001033E
:10262000D361314BDB6903F00103FB60FB6807F109
:10263000100207F114031146184601F005FE3B6A2B
:10264000FB62FB6A002B03D101F0D6FD786304E046
:1026500001F0D2FD03465B007B637B6B234AA2FB48
:1026600003239B0C013BBB62214B4FF080421A605D
:102670001F4B40F2E732DA601D4ABB6A53601C4BC5
:1026800000221A611A4B00229A60194B00229A61AB
:10269000174801F0DDFE034687F8333097F83330F2
:1026A000002B1BD1124801F023FF034687F833307B
:1026B00097F83330002B11D11C2000F002FE7B680C
:1026C0000F2B08D8002279681C2000F0DEFD094A93
:1026D0007B68136002E0012387F8333097F83330CA
:1026E00018463837BD4680BD0010024083DE1B43CC
:1026F000DC0200200400002080B400AF00BFFDE732
:1027000080B400AF00BFFDE780B400AF00BFFDE7BD
:1027100080B400AF00BFFDE780B400AF00BFFDE7AD
:1027200080B400AF00BFBD4680BC704780B500AF2D
:10273000024801F02FFF00BF80BD00BFDC02002077
:1027400080B500AF024802F075FB00BF80BD00BF3E
:102750002803002080B500AF024802F06BFB00BFE9
:1027600080BD00BF5C05002080B500AF024802F0CC
:1027700061FB00BF80BD00BFA804002080B400AF93
:1027800001231846BD4680BC704780B582B000AFBB
:102790007860396006F0E8FA034616221A604FF0B6
:1027A000FF3318460837BD4680BD80B582B000AF04
:1027B00078604FF0FF317868FFF7E7FF00BFFDE773
:1027C00080B586B000AFF860B9607A6000237B61A5
:1027D0000AE0AFF300800146BB685A1CBA60CAB277
:1027E0001A707B6901337B617A697B689A42F0DBFE
:1027F0007B6818461837BD4680BD80B586B000AFEF
:10280000F860B9607A6000237B6109E0BB685A1CFC
:10281000BA601B781846AFF300807B6901337B6197
:102820007A697B689A42F1DB7B6818461837BD46A7
:1028300080BD80B483B000AF78604FF0FF3318469E
:102840000C37BD4680BC704780B483B000AF786061
:1028500039603B684FF400525A60002318460C3729
:10286000BD4680BC704780B483B000AF7860012360
:1028700018460C37BD4680BC704780B485B000AFA9
:10288000F860B9607A60002318461437BD4680BCF2
:102890007047000080B586B000AF7860144A154BD1
:1028A000D31A7B617B693B61134B1B68002B02D100
:1028B000114B124A1A60104B1A687B6813443A692C
:1028C0009A4207D206F050FA03460C221A604FF0E3
:1028D000FF3309E0084B1B68FB60074B1A687B68F5
:1028E0001344054A1360FB6818461837BD4680BD7F
:1028F00000500020000400002403002018210020C4
:1029000080B400AF00BFBD4680BC704780B500AF4B
:10291000134B144A1A60124B4FF416525A60104B64
:1029200000229A600E4B0022DA600D4B00221A61E1
:102930000B4B0C225A610A4B00229A61084B002271
:10294000DA61074802F076F90346002B01D0FFF761
:1029500093FC01220449024802F047FA00BF80BDFF
:1029600028030020003801407103002080B582B0A8
:1029700000AF78607868FDF7F5FB03469AB24FF038
:10298000FF337968034802F0A5F900BF0837BD4658
:1029900080BD00BF2803002080B500AF134B144A50
:1029A0001A60124B4FF416525A60104B00229A6074
:1029B0000E4B0022DA600D4B00221A610B4B0C22E9
:1029C0005A610A4B00229A61084B0022DA610748DB
:1029D00002F030F90346002B01D0FFF74DFC012235
:1029E0000449024802F001FA00BF80BD5C050020E6
:1029F00000440040A505002080B500AF134B144AE9
:102A00001A60124B4FF416525A60104B00229A6013
:102A10000E4B0022DA600D4B00221A610B4B0C2288
:102A20005A610A4B00229A61084B0022DA6107487A
:102A300002F000F90346002B01D0FFF71DFC012234
:102A40000449024802F0D1F900BF80BDA80400206B
:102A500000480040F104002080B582B000AF7860EB
:102A60007868FDF77FFB03469AB24FF0FF33796831
:102A7000034802F02FF900BF0837BD4680BD00BFF4
:102A8000A804002080B582B000AF78607B681B6826
:102A9000424A93422AD100F027F90346404A136084
:102AA000404B1B78002B10D03F4B1B88B3F5957F14
:102AB0000BD83D4B1B885A1C91B23B4A11801A46D9
:102AC000384B1978394B99540BE0374B1B881A4611
:102AD000364B00219954364B01221A70324B00229A
:102AE0001A8001222F49334802F07FF97B681B6866
:102AF000314A934224D1314B1B780D2B0FD0304BF0
:102B00001B88622B0BD82E4B1B885A1C91B22C4A67
:102B100011801A46294B19782A4B99540BE0284BFF
:102B20001B881A46274B0D219954274B01221A70F6
:102B3000234B00221A8001222049244802F055F933
:102B40007B681B68224A934224D1224B1B78002BBE
:102B50000FD0214B1B88302B0BD81F4B1B885A1CC6
:102B600091B21D4A11801A461A4B19781B4B995481
:102B70000BE0194B1B881A46184B00219954184B2F
:102B800001221A70144B00221A80012211491548A3
:102B900002F02BF900BF0837BD4680BD0038014068
:102BA000A404002071030020A0040020740300206E
:102BB000700300202803002000480040F10400209A
:102BC00058050020F4040020F0040020A804002090
:102BD00000440040A5050020DA050020A8050020DB
:102BE000A40500205C05002080B500AF134B1B78C6
:102BF000002B20D1124B1B88002B1CD000F074F846
:102C00000246104B1B68D31AC82B14D90C4B1B88D7
:102C1000B3F5967F03D30A4B40F22B121A80084B70
:102C20001B881A46084B00219954044B01221A7044
:102C3000034B00221A8000BF80BD00BF700300203C
:102C4000A0040020A404002074030020FFF758FE15
:102C50000B480C490C4A002302E0D458C4500433FA
:102C6000C4188C42F9D3094A094C002301E01360CF
:102C70000432A242FBD306F07DF8FFF7D3F8704789
:102C800000000020D8010020C8CD0008D801002095
:102C900014210020FEE7000080B500AF084B1B6840
:102CA000074A43F010031360032000F0E3FA0F20FB
:102CB000FFF7A6FCFFF7EAFA0023184680BD00BF25
:102CC0000020024080B400AF054B1B781A46054B2C
:102CD0001B681344034A136000BFBD4680BC7047A5
:102CE00008000020DC05002080B400AF024B1B6808
:102CF0001846BD4680BC7047DC05002080B586B014
:102D000000AF78600023FB7500233B610023BB60AC
:102D10000023FB607B68002B01D10123BEE07B68B0
:102D20009B68002B7B689B6A002B09D17B68002283
:102D3000DA627B68002283F824207868FFF7DEFAE5
:102D4000786800F0ABF90346FB757B689B6A03F07B
:102D50001003002B40F09980FB7D002B40F0958004
:102D60007B689B6A23F4885323F0020343F002023A
:102D70007B689A627B685A687B68DB691A437B6868
:102D80001B7B5B001343BA681343BB607B689B6883
:102D9000B3F5807F03D07B689B68012B02D14FF491
:102DA000807300E000233A6913433B617B681B7D1D
:102DB000012B19D17B681B7B002B09D17B689B6998
:102DC000013B5A033B69134343F400633B610BE04F
:102DD0007B689B6A43F020027B689A627B68DB6AAF
:102DE00043F001027B68DA627B681B685B6823F44E
:102DF00069417B681B683A690A435A607B681B68B3
:102E00009A68284B13407A681268B9680B4393603C
:102E10007B689B68B3F5807F03D07B689B68012B40
:102E200004D17B681B69013B1B05FB607B681B6849
:102E3000DB6A23F470017B681B68FA680A43DA6274
:102E40007B681B689A68184B1340BA689A420BD18A
:102E50007B680022DA627B689B6A23F0030343F0FD
:102E600001027B689A6218E07B689B6A23F0120378
:102E700043F010027B689A627B68DB6A43F00102D0
:102E80007B68DA620123FB7507E07B689B6A43F08D
:102E900010027B689A620123FB75FB7D1846183788
:102EA000BD4680BDFDF7E1FFFE0E1FFF80B485B07B
:102EB00000AF786039600023FB730023BB607B6840
:102EC00093F82430012B01D10223DCE07B6801223E
:102ED00083F824203B685B68062B1CD87B681B6842
:102EE000596B3B685A6813469B001344053B1F22ED
:102EF00002FA03F3DB4319403B6818683B685A68E1
:102F000013469B001344053B00FA03F27B681B68E1
:102F10000A435A633CE03B685B680C2B1CD87B6817
:102F20001B68196B3B685A6813469B001344233B8C
:102F30001F2202FA03F3DB4319403B6818683B6821
:102F40005A6813469B001344233B00FA03F27B6844
:102F50001B680A431A631BE07B681B68D96A3B68DD
:102F60005A6813469B001344413B1F2202FA03F3A5
:102F7000DB4319403B6818683B685A6813469B005E
:102F80001344413B00FA03F27B681B680A43DA6290
:102F90003B681B68092B1CD97B681B68D9683B6898
:102FA0001A6813465B0013441E3B072202FA03F320
:102FB000DB4319403B6898683B681A6813465B001E
:102FC00013441E3B00FA03F27B681B680A43DA6075
:102FD00019E07B681B6819693B681A6813465B0037
:102FE0001344072202FA03F3DB4319403B68986855
:102FF0003B681A6813465B00134400FA03F27B68CF
:103000001B680A431A613B681B68102B03D03B689E
:103010001B68112B32D17B681B681D4A934225D156
:103020007B681B689B6803F40003002B26D17B6838
:103030001B689A687B681B6842F400029A603B68D0
:103040001B68102B1AD1134B1B68134AA2FB0323D6
:103050009A0C13469B0013445B00BB6002E0BB6804
:10306000013BBB60BB68002BF9D107E07B689B6A22
:1030700043F020027B689A620123FB737B68002285
:1030800083F82420FB7B18461437BD4680BC70476C
:10309000002401400000002083DE1B4380B584B083
:1030A00000AF78600023FB607B681B689B6803F0BF
:1030B0000103012B2ED17B681B689A687B681B6813
:1030C00022F001029A60FFF70FFEF8601BE0FFF7A5
:1030D0000BFE0246FB68D31A022B14D97B681B68CF
:1030E0009B6803F00103012B0DD17B689B6A43F0C1
:1030F00010027B689A627B68DB6A43F001027B689E
:10310000DA62012307E07B681B689B6803F0010318
:10311000012BDCD0002318461037BD4680BD0000CF
:1031200080B485B000AF78607B6803F00703FB6074
:103130000C4BDB68BB60BA684FF6FF031340BB6003
:10314000FB681A02BB68134343F0BF6343F40033C8
:10315000BB60044ABB68D36000BF1437BD4680BC67
:10316000704700BF00ED00E080B400AF044BDB68A7
:103170001B0A03F007031846BD4680BC704700BF1A
:1031800000ED00E080B483B000AF0346FB7197F917
:103190000730002B0BDBFB7903F01F02064997F980
:1031A00007305B09012000FA02F241F8232000BF3A
:1031B0000C37BD4680BC704700E100E080B483B0AE
:1031C00000AF03463960FB7197F90730002B0ADB2B
:1031D0003B68DAB20C4997F907301201D2B20B44BE
:1031E00083F800230AE03B68DAB20849FB7903F070
:1031F0000F03043B1201D2B20B441A7600BF0C3706
:10320000BD4680BC704700BF00E100E000ED00E07B
:1032100080B489B000AFF860B9607A60FB6803F0F1
:103220000703FB61FB69C3F10703042B28BF0423D9
:10323000BB61FB690433062B02D9FB69033B00E049
:1032400000237B614FF0FF32BB6902FA03F3DA43DC
:10325000BB681A407B699A404FF0FF317B6901FAE5
:1032600003F3D9437B680B40134318462437BD460C
:1032700080BC704780B582B000AF78607868FFF797
:103280004FFF00BF0837BD4680BD80B586B000AF98
:103290000346B9607A60FB7300237B61FFF764FF2C
:1032A00078617A68B9687869FFF7B2FF024697F9E2
:1032B0000F3011461846FFF781FF00BF1837BD4693
:1032C00080BD80B582B000AF0346FB7197F907302F
:1032D0001846FFF757FF00BF0837BD4680BD80B4D2
:1032E00085B000AF78600023FB737B6893F82130D2
:1032F000DBB2022B08D07B6804229A637B68002231
:1033000083F82020012320E07B681B681A687B6813
:103310001B6822F00E021A607B681B681A687B68C3
:103320001B6822F001021A607B681A6C7B68DB6BF9
:10333000012101FA02F25A607B68012283F8212000
:103340007B68002283F82020FB7B18461437BD469B
:1033500080BC704780B584B000AF78600023FB73F9
:103360007B6893F82130DBB2022B05D07B68042206
:103370009A630123FB7351E07B681B681A687B68C2
:103380001B6822F00E021A607B681B681A687B6853
:103390001B6822F001021A607B681B68224A934274
:1033A00029D07B681B68214A934222D07B681B6826
:1033B0001F4A93421AD07B681B681E4A934212D060
:1033C0007B681B681C4A93420AD07B681B681B4AB7
:1033D000934202D14FF480130EE04FF080730BE064
:1033E0004FF4803308E04FF4805305E04FF48073CE
:1033F00002E0102300E00123114A53607B680122A0
:1034000083F821207B68002283F820207B685B6B97
:10341000002B03D07B685B6B78689847FB7B184672
:103420001037BD4680BD00BF080002401C000240AE
:103430003000024044000240580002406C0002404C
:103440000000024080B48BB000AF78603960002388
:103450007B6200233B6269E101227B6A02FA03F38B
:10346000FB613B681B68FA691340BB61BA69FB6981
:103470009A4240F058813B685B689A4A93425ED01A
:10348000984A934275D8984A934258D0964A9342A4
:103490006FD8964A934252D0944A934269D8944A3C
:1034A00093424CD0924A934263D8924A934246D078
:1034B000904A93425DD8122B2AD8122B59D801A2D8
:1034C00052F823F03F350008193500082B35000865
:1034D0006D35000873350008733500087335000832
:1034E000733500087335000873350008733500081C
:1034F000733500087335000873350008733500080C
:10350000733500087335000821350008353500088B
:10351000794A934213D02CE03B68DB683B6229E098
:103520003B68DB6804333B6224E03B68DB680833BC
:103530003B621FE03B68DB680C333B621AE03B6890
:103540009B68002B02D104233B6213E03B689B681D
:10355000012B05D108233B627B68FA691A6109E0F7
:1035600008233B627B68FA695A6103E000233B62EF
:1035700000E000BFBB69FF2B01D87B6801E07B68DE
:1035800004337B61BB69FF2B02D87B6A9B0002E09E
:103590007B6A083B9B003B617B691A680F213B6992
:1035A00001FA03F3DB431A40396A3B6901FA03F37A
:1035B0001A437B691A603B685B6803F08053002BF9
:1035C00000F0B1804D4B9B694C4A43F0010393617D
:1035D0004A4B9B6903F00103BB60BB68484A7B6AA6
:1035E0009B08023352F82330FB607B6A03F003032D
:1035F0009B000F2202FA03F3DB43FA681340FB60DF
:103600007B68404A934213D07B683F4A93420DD077
:103610007B683E4A934207D07B683D4A934201D182
:10362000032306E0042304E0022302E0012300E078
:1036300000237A6A02F0030292009340FA6813436F
:10364000FB602F497B6A9B080233FA6841F823200C
:103650003B685B6803F48013002B06D02D4B9A68FF
:103660002C49BB6913438B6006E02A4B9A68BB69FF
:10367000DB43284913408B603B685B6803F400130D
:10368000002B06D0234BDA682249BB691343CB6079
:1036900006E0204BDA68BB69DB431E491340CB6070
:1036A0003B685B6803F40033002B06D0194B5A6863
:1036B0001849BB6913434B6006E0164B5A68BB6957
:1036C000DB43144913404B603B685B6803F4803371
:1036D000002B21D00F4B1A680E49BB6913430B60B6
:1036E00021E000BF00003210000031100000221065
:1036F0000000211000001210000011100010024004
:103700000000014000080140000C01400010014091
:1037100000140140000401400B4B1A68BB69DB43F5
:10372000094913400B607B6A01337B623B681A686E
:103730007B6A22FA03F3002B7FF48EAE00BF00BF3A
:103740002C37BD4680BC70470004014080B485B072
:1037500000AF78600B467B807B689A687B8813405B
:10376000002B02D00123FB7301E00023FB73FB7BE2
:1037700018461437BD4680BC704780B483B000AF94
:1037800078600B467B8013467B707B78002B03D0E0
:103790007A887B681A6103E07B881A047B681A6167
:1037A00000BF0C37BD4680BC704780B485B000AF09
:1037B00078600B467B807B68DB68FB607A88FB68FF
:1037C00013401A04FB68D9437B880B401A437B687B
:1037D0001A6100BF1437BD4680BC704780B584B005
:1037E00000AF78607B68002B01D101232BE17B685F
:1037F00093F83D30DBB2002B06D17B68002283F8C2
:103800003C207868FEF7B6FD7B68242283F83D20D3
:103810007B681B681A687B681B6822F001021A60CB
:103820007B681B681A687B681B6842F400421A6058
:103830007B681B681A687B681B6822F400421A6068
:1038400000F0DAFCF8607B685B68814A934207D835
:10385000FB68804A934294BF01230023DBB206E059
:10386000FB687D4A934294BF01230023DBB2002B07
:1038700001D00123E7E0FB68784AA2FB03239B0CFD
:10388000BB607B681B685B6823F03F017B681B683B
:10389000BA680A435A607B681B681B6A23F03F01C1
:1038A0007B685B686A4A934202D8BB68013309E0CF
:1038B000BB684FF4967202FB03F3694AA2FB032331
:1038C0009B0901337A6812680B4313627B681B689B
:1038D000DB6923F44F4222F0FF027B685B685C499E
:1038E0008B4219D8FB68591E7B685B685B00B1FB93
:1038F000F3F3591C40F6FC730B40002B0AD0FB6815
:10390000591E7B685B685B00B1FBF3F30133C3F3C3
:103910000B0351E004234FE07B689B68002B11D11F
:10392000FB68581E7B6859680B465B000B44B0FB74
:10393000F3F30133C3F30B03002B0CBF012300236C
:10394000DBB212E0FB68581E7B6859680B469B008F
:103950000B4499000B44B0FBF3F30133C3F30B03A7
:10396000002B0CBF01230023DBB2002B01D001236D
:1039700022E07B689B68002B0ED1FB68581E7B6899
:1039800059680B465B000B44B0FBF3F30133C3F300
:103990000B0343F400430FE0FB68581E7B68596833
:1039A0000B469B000B4499000B44B0FBF3F301332F
:1039B000C3F30B0343F44043796809681343CB61B5
:1039C0007B681B681B6823F0C0017B68DA697B6831
:1039D0001B6A1A437B681B680A431A607B681B6872
:1039E0009B6823F4034323F0FF037A6811697A6824
:1039F000D26811437A6812680B4393607B681B6836
:103A0000DB6823F0FF017B685A697B689B691A4376
:103A10007B681B680A43DA607B681B681A687B68EE
:103A20001B6842F001021A607B6800221A647B68FE
:103A3000202283F83D207B6800221A637B680022E5
:103A400083F83E20002318461037BD4680BD00BFD6
:103A5000A08601007F841E00FF083D0083DE1B431B
:103A6000D34D621080B586B000AF78607B68002BC4
:103A700001D1012372E27B681B6803F00103002B74
:103A800000F08780924B5B6803F00C03042B0CD092
:103A90008F4B5B6803F00C03082B12D18C4B5B68D7
:103AA00003F48033B3F5803F0BD1894B1B6803F4DB
:103AB0000033002B6CD07B685B68002B68D101233E
:103AC0004CE27B685B68B3F5803F06D1804B1B6896
:103AD0007F4A43F4803313602EE07B685B68002BE1
:103AE0000CD17B4B1B687A4A23F480331360784BEC
:103AF0001B68774A23F4802313601DE07B685B68B2
:103B0000B3F5A02F0CD1724B1B68714A43F480238C
:103B100013606F4B1B686E4A43F4803313600BE0F5
:103B20006B4B1B686A4A23F480331360684B1B6835
:103B3000674A23F4802313607B685B68002B13D0F3
:103B4000FFF7D2F8386108E0FFF7CEF802463B698C
:103B5000D31A642B01D9032300E25D4B1B6803F4E5
:103B60000033002BF0D014E0FFF7BEF8386108E016
:103B7000FFF7BAF802463B69D31A642B01D9032335
:103B8000ECE1534B1B6803F40033002BF0D100E051
:103B900000BF7B681B6803F00203002B63D04C4B13
:103BA0005B6803F00C03002B0BD0494B5B6803F000
:103BB0000C03082B1CD1464B5B6803F48033002BAD
:103BC00016D1434B1B6803F00203002B05D07B6822
:103BD0001B69012B01D00123C0E13D4B1B6823F081
:103BE000F8027B685B69DB00394913430B603AE0FC
:103BF0007B681B69002B20D0364B01221A60FFF72F
:103C000073F8386108E0FFF76FF802463B69D31A92
:103C1000022B01D90323A1E12D4B1B6803F0020302
:103C2000002BF0D02A4B1B6823F0F8027B685B69FD
:103C3000DB00274913430B6015E0264B00221A6076
:103C4000FFF752F8386108E0FFF74EF802463B698B
:103C5000D31A022B01D9032380E11D4B1B6803F00B
:103C60000203002BF0D17B681B6803F00803002BD4
:103C70003AD07B689B69002B19D0174B01221A6040
:103C8000FFF732F8386108E0FFF72EF802463B698B
:103C9000D31A022B01D9032360E10D4B5B6A03F0B9
:103CA0000203002BF0D0012000F0FEFA1CE00A4BCA
:103CB00000221A60FFF718F838610FE0FFF714F8D8
:103CC00002463B69D31A022B08D9032346E100BF01
:103CD000001002400000424280044242924B5B6A64
:103CE00003F00203002BE9D17B681B6803F0040397
:103CF000002B00F0A6800023FB758B4BDB6903F0E3
:103D00008053002B0DD1884BDB69874A43F08053E9
:103D1000D361854BDB6903F08053BB60BB68012333
:103D2000FB75824B1B6803F48073002B18D17F4B0B
:103D30001B687E4A43F480731360FEF7D5FF386139
:103D400008E0FEF7D1FF02463B69D31A642B01D984
:103D5000032303E1754B1B6803F48073002BF0D041
:103D60007B68DB68012B06D16F4B1B6A6E4A43F000
:103D7000010313622DE07B68DB68002B0CD16A4BDA
:103D80001B6A694A23F001031362674B1B6A664A88
:103D900023F0040313621CE07B68DB68052B0CD165
:103DA000614B1B6A604A43F0040313625E4B1B6A5B
:103DB0005D4A43F0010313620BE05B4B1B6A5A4AF6
:103DC00023F001031362584B1B6A574A23F0040384
:103DD00013627B68DB68002B15D0FEF785FF386126
:103DE0000AE0FEF781FF02463B69D31A41F28832AE
:103DF000934201D90323B1E04B4B1B6A03F002034A
:103E0000002BEED014E0FEF76FFF38610AE0FEF7FA
:103E10006BFF02463B69D31A41F28832934201D9C3
:103E200003239BE0404B1B6A03F00203002BEED1FF
:103E3000FB7D012B05D13C4BDB693B4A23F08053D2
:103E4000D3617B68DB69002B00F08780364B5B68B1
:103E500003F00C03082B61D07B68DB69022B46D191
:103E6000334B00221A60FEF73FFF386108E0FEF78F
:103E70003BFF02463B69D31A022B01D903236DE0B5
:103E8000294B1B6803F00073002BF0D17B681B6A81
:103E9000B3F5803F08D1244B5B6823F400327B6884
:103EA0009B68214913434B601F4B5B6823F47412DA
:103EB0007B68196A7B685B6A0B431B4913434B6041
:103EC0001B4B01221A60FEF70FFF386108E0FEF776
:103ED0000BFF02463B69D31A022B01D903233DE0B5
:103EE000114B1B6803F00073002BF0D035E0104B32
:103EF00000221A60FEF7F8FE386108E0FEF7F4FED3
:103F000002463B69D31A022B01D9032326E0064B54
:103F10001B6803F00073002BF0D11EE07B68DB69A7
:103F2000012B07D1012319E000100240007000406E
:103F3000600042420B4B5B68FB60FB6803F480321D
:103F40007B681B6A9A4206D1FB6803F470127B6897
:103F50005B6A9A4201D0012300E00023184618371B
:103F6000BD4680BD0010024080B584B000AF7860CF
:103F700039607B68002B01D10123D0E06A4B1B68BC
:103F800003F007033A689A4210D9674B1B6823F085
:103F9000070265493B6813430B60634B1B6803F0E2
:103FA00007033A689A4201D00123B8E07B681B6896
:103FB00003F00203002B20D07B681B6803F004038E
:103FC000002B05D0594B5B68584A43F4E0635360BB
:103FD0007B681B6803F00803002B05D0534B5B681C
:103FE000524A43F460535360504B5B6823F0F00235
:103FF0007B689B684D4913434B607B681B6803F0EB
:104000000103002B40D07B685B68012B07D1474B35
:104010001B6803F40033002B15D101237FE07B687C
:104020005B68022B07D1414B1B6803F00073002B28
:1040300009D1012373E03D4B1B6803F00203002B01
:1040400001D101236BE0394B5B6823F003027B68ED
:104050005B68364913434B60FEF746FEF8600AE0A2
:10406000FEF742FE0246FB68D31A41F288329342C1
:1040700001D9032353E02D4B5B6803F00C027B68EE
:104080005B689B009A42EBD1274B1B6803F0070348
:104090003A689A4210D2244B1B6823F00702224947
:1040A0003B6813430B60204B1B6803F007033A681F
:1040B0009A4201D0012332E07B681B6803F00403BD
:1040C000002B08D0194B5B6823F4E0627B68DB6847
:1040D000164913434B607B681B6803F00803002BF1
:1040E00009D0124B5B6823F460527B681B69DB00CC
:1040F0000E4913434B6000F021F802460B4B5B68FE
:104100001B0903F00F030A49CB5C22FA03F3094AA7
:104110001360094B1B681846FEF772FA0023184615
:104120001037BD4680BD00BF002002400010024095
:104130005CC90008000000200400002080B487B0A3
:1041400000AF0023FB600023BB6000237B610023E2
:104150007B6000233B611E4B5B68FB60FB6803F0E8
:104160000C03042B02D0082B03D027E0194B3B6132
:1041700027E0FB689B0C03F00F03174AD35C7B60BE
:10418000FB6803F48033002B10D0114B5B685B0C91
:1041900003F00103114AD35CBB607B680D4A03FB4B
:1041A00002F2BB68B2FBF3F37B6104E07B680C4A6C
:1041B00002FB03F37B617B693B6102E0054B3B61E2
:1041C00000BF3B6918461C37BD4680BC704700BF26
:1041D0000010024000127A0074C9000884C9000867
:1041E00000093D0080B400AF024B1B681846BD4675
:1041F00080BC70470000002080B500AFFFF7F2FFE1
:104200000246054B5B681B0A03F007030349CB5CBE
:1042100022FA03F3184680BD001002406CC9000862
:1042200080B500AFFFF7DEFF0246054B5B68DB0A97
:1042300003F007030349CB5C22FA03F3184680BD61
:10424000001002406CC9000880B483B000AF7860F1
:1042500039607B680F221A60114B5B6803F0030220
:104260007B685A600E4B5B6803F0F0027B689A60D3
:104270000B4B5B6803F4E0627B68DA60084B5B68B9
:10428000DB0803F4E0627B681A61064B1B6803F0ED
:1042900007023B681A6000BF0C37BD4680BC704700
:1042A000001002400020024080B485B000AF78606A
:1042B0000A4B1B680A4AA2FB03235B0A7A6802FBCB
:1042C00003F3FB6000BFFB685A1EFA60002BF9D1B4
:1042D00000BF00BF1437BD4680BC704700000020FF
:1042E000D34D621080B586B000AF786000233B618B
:1042F0000023FB607B681B6803F00103002B7DD06B
:104300000023FB754F4BDB6903F08053002B0DD16D
:104310004C4BDB694B4A43F08053D361494BDB691B
:1043200003F08053BB60BB680123FB75464B1B68E1
:1043300003F48073002B18D1434B1B68424A43F4AB
:1043400080731360FEF7D0FC386108E0FEF7CCFC08
:1043500002463B69D31A642B01D903236DE03A4B23
:104360001B6803F48073002BF0D0364B1B6A03F4F8
:104370004073FB60FB68002B2ED07B685B6803F406
:104380004073FA689A4227D02E4B1B6A23F440737D
:10439000FB602E4B01221A602C4B00221A60294A26
:1043A000FB681362FB6803F00103002B14D0FEF7D7
:1043B0009BFC38610AE0FEF797FC02463B69D31A82
:1043C00041F28832934201D9032336E01D4B1B6A28
:1043D00003F00203002BEED01A4B1B6A23F4407249
:1043E0007B685B68174913430B62FB7D012B05D18A
:1043F000144BDB69134A23F08053D3617B681B683D
:1044000003F00203002B08D00E4B5B6823F44042FC
:104410007B689B680B4913434B607B681B6803F008
:104420001003002B08D0074B5B6823F480027B68E5
:10443000DB68044913434B60002318461837BD4618
:1044400080BD00BF001002400070004040044242A6
:1044500080B582B000AF78607B68002B01D101236A
:1044600041E07B6893F83D30DBB2002B06D17B68DE
:10447000002283F83C207868FDF7CCFF7B6802229D
:1044800083F83D207B681A687B6804331946104620
:1044900000F05CFA7B68012283F846207B680122E9
:1044A00083F83E207B68012283F83F207B6801224D
:1044B00083F840207B68012283F841207B68012239
:1044C00083F842207B68012283F843207B68012225
:1044D00083F844207B68012283F845207B68012211
:1044E00083F83D20002318460837BD4680BD0000F4
:1044F00080B485B000AF78607B6893F83D30DBB264
:10450000012B01D001233AE07B68022283F83D2091
:104510007B681B68DA687B681B6842F00102DA601E
:104520007B681B68184A93420ED07B681B68B3F106
:10453000804F09D07B681B68144A934204D07B6883
:104540001B68134A934211D17B681B689B6803F078
:104550000703FB60FB68062B10D07B681B681A689A
:104560007B681B6842F001021A6007E07B681B68E9
:104570001A687B681B6842F001021A600023184623
:104580001437BD4680BC7047002C01400004004039
:104590000008004080B584B000AF78607B681B687D
:1045A000DB68FB607B681B681B69BB60BB6803F052
:1045B0000203002B20D0FB6803F00203002B1BD06A
:1045C0007B681B686FF002021A617B6801221A7710
:1045D0007B681B689B6903F00303002B03D078689A
:1045E00000F098F905E0786800F08BF9786800F041
:1045F0009AF97B6800221A77BB6803F00403002B4A
:1046000020D0FB6803F00403002B1BD07B681B68E1
:104610006FF004021A617B6802221A777B681B68BC
:104620009B6903F44073002B03D0786800F072F9A3
:1046300005E0786800F065F9786800F074F97B6847
:1046400000221A77BB6803F00803002B20D0FB6818
:1046500003F00803002B1BD07B681B686FF0080277
:104660001A617B6804221A777B681B68DB6903F098
:104670000303002B03D0786800F04CF905E078685C
:1046800000F03FF9786800F04EF97B6800221A7755
:10469000BB6803F01003002B20D0FB6803F010036D
:1046A000002B1BD07B681B686FF010021A617B68BF
:1046B00008221A777B681B68DB6903F44073002BC0
:1046C00003D0786800F026F905E0786800F019F961
:1046D000786800F028F97B6800221A77BB6803F03D
:1046E0000103002B0CD0FB6803F00103002B07D063
:1046F0007B681B686FF001021A617868FDF7ACFDFA
:10470000BB6803F08003002B0CD0FB6803F0800330
:10471000002B07D07B681B686FF080021A617868F5
:1047200000F07FFABB6803F04003002B0CD0FB685D
:1047300003F04003002B07D07B681B686FF040023A
:104740001A61786800F0F8F8BB6803F02003002BCA
:104750000CD0FB6803F02003002B07D07B681B689C
:104760006FF020021A61786800F052FA00BF10372B
:10477000BD4680BD80B584B000AF7860396000234D
:10478000FB737B6893F83C30012B01D10223B4E02A
:104790007B68012283F83C207B68022283F83D205D
:1047A0007B681B689B68BB60BB6823F07703BB60BA
:1047B000BB6823F47F43BB607B681B68BA689A6060
:1047C0003B681B68B3F5005F3ED0B3F5005F00F2B5
:1047D0008780B3F5805F00F08680B3F5805F7FD877
:1047E000702B1AD0702B7BD8602B50D0602B77D8D1
:1047F000502B3CD0502B73D8402B58D0402B6FD827
:10480000302B64D0302B6BD8202B60D0202B67D876
:10481000002B5CD0102B5AD062E07B6818683B6894
:1048200099683B685A683B68DB6800F074F97B68FC
:104830001B689B68BB60BB6843F07703BB607B6809
:104840001B68BA689A604FE07B6818683B68996893
:104850003B685A683B68DB6800F05DF97B681B6861
:104860009A687B681B6842F480429A603CE07B68EF
:1048700018683B6859683B68DB681A4600F0D4F852
:104880007B681B685021184600F02BF92CE07B68F0
:1048900018683B6859683B68DB681A4600F0F2F814
:1048A0007B681B686021184600F01BF91CE07B68E0
:1048B00018683B6859683B68DB681A4600F0B4F832
:1048C0007B681B684021184600F00BF90CE07B6800
:1048D0001A683B681B681946104600F002F903E0AD
:1048E0000123FB7300E000BF7B68012283F83D20B9
:1048F0007B68002283F83C20FB7B18461037BD46BE
:1049000080BD80B483B000AF786000BF0C37BD4677
:1049100080BC704780B483B000AF786000BF0C37B4
:10492000BD4680BC704780B483B000AF786000BFE4
:104930000C37BD4680BC704780B483B000AF786050
:1049400000BF0C37BD4680BC7047000080B485B006
:1049500000AF786039607B681B68FB607B682F4A1A
:1049600093420BD07B68B3F1804F07D07B682C4A11
:10497000934203D07B682B4A934208D1FB6823F013
:104980007003FB603B685B68FA681343FB607B68FD
:10499000224A93420BD07B68B3F1804F07D07B68EB
:1049A0001F4A934203D07B681E4A934208D1FB689A
:1049B00023F44073FB603B68DB68FA681343FB60D9
:1049C000FB6823F080023B685B691343FB607B68F4
:1049D000FA681A603B689A687B68DA623B681A6812
:1049E0007B689A627B680D4A934203D13B681A69DF
:1049F0007B681A637B6801225A617B681B6903F03C
:104A00000103002B05D07B681B6923F001027B6842
:104A10001A6100BF1437BD4680BC7047002C0140AE
:104A2000000400400008004080B487B000AFF86088
:104A3000B9607A60FB681B6A7B61FB681B6A23F0C4
:104A40000102FB681A62FB689B693B613B6923F0CA
:104A5000F0033B617B681B013A6913433B617B694F
:104A600023F00A037B617A69BB6813437B61FB68AF
:104A70003A699A61FB687A691A6200BF1C37BD46C1
:104A800080BC704780B487B000AFF860B9607A60CE
:104A9000FB681B6A7B61FB681B6A23F01002FB68E2
:104AA0001A62FB689B693B613B6923F470433B617D
:104AB0007B681B033A6913433B617B6923F0A003C6
:104AC0007B61BB681B017A6913437B61FB683A69B0
:104AD0009A61FB687A691A6200BF1C37BD4680BCC8
:104AE000704780B485B000AF786039607B689B68A0
:104AF000FB60FB6823F07003FB603A68FB681343BC
:104B000043F00703FB607B68FA689A6000BF1437C4
:104B1000BD4680BC704780B487B000AFF860B96014
:104B20007A603B60FB689B687B617B6923F47F4311
:104B30007B613B681A027B681A43BB6813437A693E
:104B400013437B61FB687A699A6000BF1C37BD46DE
:104B500080BC704780B485B000AF786039607B68F6
:104B600093F83C30012B01D1022346E07B680122FF
:104B700083F83C207B68022283F83D207B681B6819
:104B80005B68FB607B681B689B68BB60FB6823F00D
:104B90007003FB603B681B68FA681343FB607B682B
:104BA0001B68FA685A607B681B68164A93420ED0ED
:104BB0007B681B68B3F1804F09D07B681B68124A81
:104BC000934204D07B681B68104A93420CD1BB68A7
:104BD00023F08003BB603B685B68BA681343BB602B
:104BE0007B681B68BA689A607B68012283F83D2065
:104BF0007B68002283F83C20002318461437BD460A
:104C000080BC7047002C01400004004000080040B8
:104C100080B483B000AF786000BF0C37BD4680BC65
:104C2000704780B483B000AF786000BF0C37BD46DA
:104C300080BC704780B582B000AF78607B68002B85
:104C400001D1012342E07B6893F84130DBB2002BB5
:104C500006D17B68002283F840207868FDF7F8FBD6
:104C60007B68242283F841207B681B68DA687B68B4
:104C70001B6822F40052DA60786800F0B7FD7B68A8
:104C80001B681A697B681B6822F490421A617B6872
:104C90001B685A697B681B6822F02A025A617B688C
:104CA0001B68DA687B681B6842F40052DA607B6834
:104CB00000225A647B68202283F841207B682022EE
:104CC00083F842207B6800225A6300231846083785
:104CD000BD4680BD80B58AB002AFF860B9603B6068
:104CE0001346FB8000237B61FB6893F84130DBB205
:104CF000202B75D1BB68002B02D0FB88002B01D183
:104D000001236EE0FB6800225A64FB68212283F8CD
:104D10004120FDF7E9FF7861FB68FA889A84FB6817
:104D2000FA88DA84FB689B68B3F5805F08D1FB687A
:104D30001B69002B04D10023FB61BB68BB6103E04E
:104D4000BB68FB610023BB612EE03B6800937B697D
:104D500000228021F86800F01CFB0346002B05D0E0
:104D6000FB68202283F8412003233AE0FB69002BF3
:104D70000BD1BB691B881A46FB681B68C2F308028B
:104D80005A60BB690233BB6107E0FB691A78FB68B4
:104D90001B685A60FB690133FB61FB68DB8C9BB2CB
:104DA000013B9AB2FB68DA84FB68DB8C9BB2002B78
:104DB000CBD13B6800937B6900224021F86800F06A
:104DC000E8FA0346002B05D0FB68202283F8412037
:104DD000032306E0FB68202283F84120002300E043
:104DE000022318462037BD4680BD80B584B000AF91
:104DF000F860B9601346FB80FB6893F84230DBB281
:104E0000202B12D1BB68002B02D0FB88002B01D1D4
:104E100001230BE0FB6800221A63FB881A46B9687D
:104E2000F86800F00FFB034600E002231846103735
:104E3000BD4680BD80B5BAB000AF78607B681B68A6
:104E40001B68C7F8E4307B681B68DB68C7F8E03094
:104E50007B681B685B69C7F8DC300023C7F8D83073
:104E60000023C7F8D430D7F8E43003F00F03C7F8B5
:104E7000D830D7F8D830002B0FD1D7F8E43003F072
:104E80002003002B09D0D7F8E03003F02003002BDB
:104E900003D0786800F0ECFB5BE2D7F8D830002B49
:104EA00000F0DE80D7F8DC3003F00103002B06D1E0
:104EB000D7F8E03003F49073002B00F0D180D7F8DE
:104EC000E43003F00103002B0BD0D7F8E03003F4FB
:104ED0008073002B05D07B685B6C43F001027B681C
:104EE0005A64D7F8E43003F00403002B0BD0D7F852
:104EF000DC3003F00103002B05D07B685B6C43F0D2
:104F000002027B685A64D7F8E43003F00203002BF6
:104F10000BD0D7F8DC3003F00103002B05D07B6801
:104F20005B6C43F004027B685A64D7F8E43003F00A
:104F30000803002B11D0D7F8E03003F02003002B3A
:104F400005D1D7F8DC3003F00103002B05D07B68D6
:104F50005B6C43F008027B685A647B685B6C002BD7
:104F600000F0F281D7F8E43003F02003002B08D0E2
:104F7000D7F8E03003F02003002B02D0786800F06F
:104F800077FB7B681B685B6903F04003002B14BF51
:104F900001230023DBB2C7F8D4307B685B6C03F0DD
:104FA0000803002B03D1D7F8D430002B4FD07868FA
:104FB00000F081FA7B681B685B6903F04003002BFB
:104FC00041D07B681B681433C7F89C30D7F89C30FD
:104FD00053E8003FC7F89830D7F8983023F04003E3
:104FE000C7F8D0307B681B681433D7F8D020C7F8D7
:104FF000A820C7F8A430D7F8A410D7F8A82041E813
:105000000023C7F8A030D7F8A030002BD9D17B6897
:10501000DB6B002B13D07B68DB6B7E4A5A637B68AB
:10502000DB6B1846FEF796F90346002B16D07B681B
:10503000DB6B5B6B7A68D26B104698470EE0786842
:1050400000F093F90AE0786800F08FF906E07868DC
:1050500000F08BF97B6800225A6475E100BF73E1B0
:105060007B681B6B012B40F04F81D7F8E43003F0D5
:105070001003002B00F04881D7F8E03003F0100354
:10508000002B00F041810023BB607B681B681B681C
:10509000BB607B681B685B68BB60BB687B681B6828
:1050A0005B6903F04003002B00F0B6807B68DB6B8C
:1050B0001B685B68A7F8BE30B7F8BE30002B00F065
:1050C00045817B689B8DB7F8BE209A4280F03E8177
:1050D0007B68B7F8BE20DA857B68DB6B9B69202B89
:1050E00000F088807B681B680C33C7F88830D7F8DD
:1050F000883053E8003FC7F88430D7F8843023F471
:105100008073C7F8B8307B681B680C33D7F8B820B9
:10511000C7F89420C7F89030D7F89010D7F89420AB
:1051200041E80023C7F88C30D7F88C30002BD9D158
:105130007B681B6814337B677B6F53E8003F3B67DA
:105140003B6F23F00103C7F8B4307B681B6814334E
:10515000D7F8B420C7F88020FB67F96FD7F8802014
:1051600041E80023BB67BB6F002BE1D17B681B6864
:1051700014333B663B6E53E8003FFB65FB6D23F049
:105180004003C7F8B0307B681B681433D7F8B020F1
:10519000FA66BB66B96EFA6E41E800237B667B6EE9
:1051A000002BE3D17B68202283F842207B68002219
:1051B0001A637B681B680C33FB64FB6C53E8003F8D
:1051C000BB64BB6C23F01003C7F8AC307B681B6872
:1051D0000C33D7F8AC20BA657B65796DBA6D41E8C0
:1051E00000233B653B6D002BE3D17B68DB6B1846EE
:1051F000FEF775F87B6802225A637B689A8D7B689C
:10520000DB8D9BB2D31A9BB21946786800F0B6F8D2
:105210009CE000BF7B5500087B689A8D7B68DB8D26
:105220009BB2D31AA7F8CE307B68DB8D9BB2002BE4
:1052300000F08E80B7F8CE30002B00F089807B68BC
:105240001B680C33BB63BB6B53E8003F7B637B6B1A
:1052500023F49073C7F8C8307B681B680C33D7F809
:10526000C8207A643B64396C7A6C41E80023FB63A4
:10527000FB6B002BE3D17B681B6814337B627B6A7A
:1052800053E8003F3B623B6A23F00103C7F8C43098
:105290007B681B681433D7F8C4203A63FB62F96A51
:1052A0003A6B41E80023BB62BB6A002BE3D17B6809
:1052B000202283F842207B6800221A637B681B68E7
:1052C0000C333B613B6953E8003FFB60FB6823F014
:1052D0001003C7F8C0307B681B680C33D7F8C020B8
:1052E000FA61BB61B969FA6941E800237B617B69B6
:1052F000002BE3D17B6802225A63B7F8CE301946FF
:10530000786800F03BF823E0D7F8E43003F080033E
:10531000002B09D0D7F8E03003F08003002B03D036
:10532000786800F03EF914E0D7F8E43003F0400369
:10533000002B0ED0D7F8E03003F04003002B08D04C
:10534000786800F07DF904E000BF02E000BF00E0F3
:1053500000BFE837BD4680BD80B483B000AF786041
:1053600000BF0C37BD4680BC704780B483B000AF2F
:10537000786000BF0C37BD4680BC704780B483B0F6
:1053800000AF78600B467B8000BF0C37BD4680BC09
:10539000704780B586B000AFF860B9603B601346D7
:1053A000FB713BE03B6AB3F1FF3F37D0FDF79CFC5C
:1053B00002463B68D31A3A6A9A4202D33B6A002BF0
:1053C00001D103233AE0FB681B68DB6803F00403A8
:1053D000002B23D0BB68802B20D0BB68402B1DD076
:1053E000FB681B681B6803F00803082B16D1002319
:1053F0007B61FB681B681B687B61FB681B685B68E3
:105400007B617B69F86800F056F8FB6808225A64F3
:10541000FB68002283F8402001230FE0FB681B6833
:105420001A68BB681340BA689A420CBF0123002374
:10543000DBB21A46FB799A42B4D0002318461837DB
:10544000BD4680BD80B485B000AFF860B96013463A
:10545000FB80FB68BA689A62FB68FA889A85FB68E9
:10546000FA88DA85FB6800225A64FB68222283F8F6
:105470004220FB681B69002B07D0FB681B68DA68B9
:10548000FB681B6842F48072DA60FB681B685A692B
:10549000FB681B6842F001025A61FB681B68DA680E
:1054A000FB681B6842F02002DA60002318461437BC
:1054B000BD4680BC704780B495B000AF78607B6813
:1054C0001B680C337B637B6B53E8003F3B633B6B98
:1054D00023F49073FB647B681B680C33FA6C3A64AA
:1054E000FB63F96B3A6C41E80023BB63BB6B002B99
:1054F000E5D17B681B6814333B623B6A53E8003F8D
:10550000FB61FB6923F00103BB647B681B681433F8
:10551000BA6CFA62BB62B96AFA6A41E800237B623C
:105520007B6A002BE5D17B681B6B012B19D17B6853
:105530001B680C33FB60FB6853E8003FBB60BB6833
:1055400023F010037B647B681B680C337A6CBA61B0
:105550007B617969BA6941E800233B613B69002BB3
:10556000E5D17B68202283F842207B6800221A6301
:1055700000BF5437BD4680BC704780B584B000AFD3
:1055800078607B685B6AFB60FB680022DA85FB68F9
:105590000022DA84F868FFF7E8FE00BF1037BD4646
:1055A00080BD80B485B000AF78607B6893F84130EF
:1055B000DBB2212B3ED17B689B68B3F5805F14D1B1
:1055C0007B681B69002B10D17B681B6AFB60FB6842
:1055D0001B881A467B681B68C2F308025A607B6806
:1055E0001B6A9A1C7B681A6208E07B681B6A591C5C
:1055F0007A6811621A787B681B685A607B68DB8C5A
:105600009BB2013B9BB27A681946D184002B0FD123
:105610007B681B68DA687B681B6822F08002DA60AE
:105620007B681B68DA687B681B6842F04002DA60BE
:10563000002300E0022318461437BD4680BC7047A3
:1056400080B582B000AF78607B681B68DA687B68E1
:105650001B6822F04002DA607B68202283F8412038
:105660007868FFF779FE002318460837BD4680BDED
:1056700080B58CB000AF78607B6893F84230DBB2C5
:10568000222B40F0AE807B689B68B3F5805F17D11A
:105690007B681B69002B13D10023FB627B689B6A2C
:1056A000BB627B681B685B689BB2C3F308039AB25A
:1056B000BB6A1A807B689B6A9A1C7B689A6226E0A8
:1056C0007B689B6AFB620023BB627B689B68B3F5C7
:1056D000805F07D07B689B68002B0AD17B681B69C1
:1056E000002B06D17B681B685B68DAB2FB6A1A7014
:1056F00008E07B681B685B68DBB203F07F03DAB20B
:10570000FB6A1A707B689B6A5A1C7B689A627B688A
:10571000DB8D9BB2013B9BB27A681946D185002B89
:105720005DD17B681B68DA687B681B6822F0200209
:10573000DA607B681B68DA687B681B6822F4807219
:10574000DA607B681B685A697B681B6822F001027B
:105750005A617B68202283F842207B6800225A63CA
:105760007B681B6B012B35D17B6800221A637B6839
:105770001B680C337B617B6953E8003F3B613B69ED
:1057800023F010037B627B681B680C337A6A3A62F1
:10579000FB61F9693A6A41E80023BB61BB69002BF0
:1057A000E5D17B681B681B6803F01003102B0AD13E
:1057B0000023FB607B681B681B68FB607B681B68C1
:1057C0005B68FB60FB687B689B8D19467868FFF718
:1057D000D5FD02E07868FDF755F9002302E00023CB
:1057E00000E0022318463037BD4680BD80B584B046
:1057F00000AF78607B681B681B6923F440517B68AD
:10580000DA687B681B680A431A617B689A687B6860
:105810001B691A437B685B691343BB607B681B6829
:10582000DB6823F4B05323F00C037A681268B9687C
:105830000B43D3607B681B685B6923F440717B6812
:105840009A697B681B680A435A617B681B682C4A0B
:10585000934203D1FEF7E4FCF86002E0FEF7CCFCD3
:10586000F860FA6813469B0013449A001A447B6858
:105870005B689B00B2FBF3F3224AA2FB03235B09A4
:105880001901FA6813469B0013449A001A447B6876
:105890005B689B00B2FBF3F21A4BA3FB02035B09AC
:1058A000642000FB03F3D31A1B013233154AA2FB19
:1058B00003235B0903F0F0031944FA6813469B00C5
:1058C00013449A001A447B685B689B00B2FBF3F2B6
:1058D0000C4BA3FB02035B09642000FB03F3D31A08
:1058E0001B013233074AA2FB03235B0903F00F02BB
:1058F0007B681B680A449A6000BF1037BD4680BDB4
:10590000003801401F85EB5180B483B000AF0346DF
:105910003960FB7197F90730002B0ADB3B68DAB27C
:105920000C4997F907301201D2B20B4483F80023D7
:105930000AE03B68DAB20849FB7903F00F03043B45
:105940001201D2B20B441A7600BF0C37BD4680BCA0
:10595000704700BF00E100E000ED00E080B500AF5F
:10596000054B1B6801F038FD0346012B01D002F006
:10597000DBFA00BF80BD00BF10E000E080B500AFE3
:1059800000216FF00400FFF7BFFF00BF80BD0000E3
:1059900080B483B000AFEFF305833B603B68002B1E
:1059A00003D06FF005037B600CE0094B1B68002BF4
:1059B00005D1074B01221A6000237B6002E04FF003
:1059C000FF337B607B6818460C37BD4680BC704750
:1059D000E005002080B582B000AFEFF305833B60A7
:1059E0003B68002B03D06FF005037B6010E00B4B8E
:1059F0001B68012B09D1FFF7C1FF084B02221A6077
:105A000001F08AF800237B6002E04FF0FF337B60F7
:105A10007B6818460837BD4680BD00BFE005002002
:105A200080B58EB004AFF860B9607A6000233B6146
:105A3000EFF305837B617B69002B7ED1FB68002B34
:105A40007BD080233B621823FB6100237B624FF0F5
:105A5000FF33BB617B68002B45D07B681B68002B44
:105A600002D07B681B687B627B689B69002B02D03D
:105A70007B689B69FB61FB69002B08D0FB69382BB5
:105A800005D87B685B6803F00103002B01D000237D
:105A900054E07B685B69002B03D07B685B699B08E3
:105AA0003B627B689B68002B0ED07B68DB68A72B72
:105AB0000AD97B681B69002B06D07B685B69002BC9
:105AC00002D00123BB6110E07B689B68002B0CD1E6
:105AD0007B68DB68002B08D17B681B69002B04D135
:105AE0000023BB6101E00023BB61BB69012B10D126
:105AF0007B681B697A68926802920193FB69009344
:105B0000BB683A6A796AF86800F012FE03463B61A6
:105B100013E0BB69002B10D13B6A9AB207F1100366
:105B20000193FB690093BB68796AF86800F060FE36
:105B30000346012B01D000233B613B6918462837FF
:105B4000BD4680BD80B584B000AF7860EFF30583BB
:105B5000BB60BB68002B03D06FF00503FB6007E060
:105B60000023FB607B68002B02D0786800F09EFF6A
:105B7000FB6818461037BD4680BD000080B485B074
:105B800000AFF860B9607A60FB68064A1A60BB68CB
:105B9000054A1A607B6880221A6000BF1437BD4630
:105BA00080BC7047E40500208C06002080B485B0DE
:105BB00000AFF860B9607A60FB68074A1A60BB689A
:105BC000064A1A607B684FF480721A6000BF14376F
:105BD000BD4680BC704700BF8C08002034090020FF
:105BE00080B483B000AF78607B6803F108027B6803
:105BF0005A607B684FF0FF329A607B6803F10802BD
:105C00007B68DA607B6803F108027B681A617B6855
:105C100000221A6000BF0C37BD4680BC704780B4BC
:105C200083B000AF78607B6800221A6100BF0C3738
:105C3000BD4680BC704780B485B000AF78603960E5
:105C40007B685B68FB603B68FA685A60FB689A682F
:105C50003B689A60FB689B683A685A60FB683A68E0
:105C60009A603B687A681A617B681B685A1C7B687B
:105C70001A6000BF1437BD4680BC704780B485B041
:105C800000AF786039603B681B68BB60BB68B3F1EC
:105C9000FF3F03D17B681B69FB600CE07B68083326
:105CA000FB6002E0FB685B68FB60FB685B681B688D
:105CB000BA689A42F6D2FB685A683B685A603B68F9
:105CC0005B683A689A603B68FA689A60FB683A6871
:105CD0005A603B687A681A617B681B685A1C7B684B
:105CE0001A6000BF1437BD4680BC704780B485B0D1
:105CF00000AF78607B681B69FB607B685B687A68D3
:105D000092689A607B689B687A6852685A60FB6800
:105D10005B687A689A4203D17B689A68FB685A602C
:105D20007B6800221A61FB681B685A1EFB681A60B8
:105D3000FB681B6818461437BD4680BC70470000DE
:105D400080B584B000AF786039607B68FB60FB6829
:105D5000002B0BD14FF0500383F31188BFF36F8FEB
:105D6000BFF34F8FBB6000BF00BFFDE702F05EF8DE
:105D7000FB681A68FB68DB6BF968096C01FB03F3CD
:105D80001A44FB689A60FB6800229A63FB681A68F1
:105D9000FB685A60FB681A68FB68DB6B013BF968BB
:105DA000096C01FB03F31A44FB68DA60FB68FF220D
:105DB00083F84420FB68FF2283F845203B68002BD2
:105DC00014D1FB681B69002B1AD0FB6810331846EE
:105DD00001F03CF90346002B12D00D4B4FF08052DE
:105DE0001A60BFF34F8FBFF36F8F09E0FB6810336A
:105DF0001846FFF7F5FEFB6824331846FFF7F0FE60
:105E000002F044F8012318461037BD4680BD00BF9C
:105E100004ED00E080B58EB002AFF860B9607A6042
:105E20003B60FB68002B0BD14FF0500383F31188CC
:105E3000BFF36F8FBFF34F8FBB6200BF00BFFDE7A3
:105E40003B68002B0BD14FF0500383F31188BFF355
:105E50006F8FBFF34F8F7B6200BF00BFFDE77B6892
:105E6000002B02D0BB68002B01D0012300E00023EF
:105E7000002B0BD14FF0500383F31188BFF36F8FCA
:105E8000BFF34F8F3B6200BF00BFFDE77B68002B75
:105E900002D1BB68002B01D1012300E00023002BBD
:105EA0000BD14FF0500383F31188BFF36F8FBFF313
:105EB0004F8FFB6100BF00BFFDE750237B617B6913
:105EC000502B0BD04FF0500383F31188BFF36F8F2B
:105ED000BFF34F8FBB6100BF00BFFDE77B693B682D
:105EE000FB62FB6A002B0DD0FB6A012283F846207F
:105EF00097F83820FB6A009313467A68B968F86807
:105F000000F005F8FB6A18463037BD4680BD80B505
:105F100084B000AFF860B9607A60FB70BB68002B9A
:105F200003D1BB69BA691A6002E0BB697A681A607A
:105F3000BB69FA68DA63BB69BA681A640121B86997
:105F4000FFF7FEFEBB69FA7883F84C2000BF1037DC
:105F5000BD4680BD80B58EB000AFF860B9607A6094
:105F60003B6000237B63FB683B633B6B002B0BD1E7
:105F70004FF0500383F31188BFF36F8FBFF34F8F40
:105F8000BB6200BF00BFFDE7BB68002B03D13B6BCA
:105F90001B6C002B01D1012300E00023002B0BD14F
:105FA0004FF0500383F31188BFF36F8FBFF34F8F10
:105FB0007B6200BF00BFFDE73B68022B03D13B6B58
:105FC000DB6B012B01D1012300E00023002B0BD15F
:105FD0004FF0500383F31188BFF36F8FBFF34F8FE0
:105FE0003B6200BF00BFFDE701F0F6F90346002B5E
:105FF00002D17B68002B01D1012300E00023002B9C
:106000000BD14FF0500383F31188BFF36F8FBFF3B1
:106010004F8FFB6100BF00BFFDE701F007FF3B6B47
:106020009A6B3B6BDB6B9A4202D33B68022B29D104
:106030003A68B968386B00F00FFAF8623B6B5B6A3C
:10604000002B10D03B6B2433184600F0FFFF0346B3
:10605000002B13D03F4B4FF080521A60BFF34F8F8D
:10606000BFF36F8F0AE0FB6A002B07D0394B4FF06C
:1060700080521A60BFF34F8FBFF36F8F01F006FF9E
:10608000012363E07B68002B03D101F0FFFE0023B6
:106090005CE07B6B002B06D107F11403184601F07E
:1060A00039F801237B6301F0F1FE00F0A5FD01F05A
:1060B000BDFE3B6B93F844305BB2B3F1FF3F03D1BD
:1060C0003B6B002283F844203B6B93F845305BB276
:1060D000B3F1FF3F03D13B6B002283F8452001F071
:1060E000D5FE3A1D07F114031146184601F028F8B1
:1060F0000346002B24D1386B00F0A6FA0346002B90
:1061000018D03B6B10337A681146184600F04CFFEC
:10611000386B00F031FA00F07DFD0346002B7FF470
:106120007CAF0C4B4FF080521A60BFF34F8FBFF320
:106130006F8F72E7386B00F01FFA00F06BFD6CE7B1
:10614000386B00F019FA00F065FD00231846383767
:10615000BD4680BD04ED00E080B590B000AFF860B2
:10616000B9607A603B60FB68BB63BB6B002B0BD1F3
:106170004FF0500383F31188BFF36F8FBFF34F8F3E
:10618000BB6200BF00BFFDE7BB68002B03D1BB6B48
:106190001B6C002B01D1012300E00023002B0BD14D
:1061A0004FF0500383F31188BFF36F8FBFF34F8F0E
:1061B0007B6200BF00BFFDE73B68022B03D1BB6BD6
:1061C000DB6B012B01D1012300E00023002B0BD15D
:1061D0004FF0500383F31188BFF36F8FBFF34F8FDE
:1061E0003B6200BF00BFFDE701F0E2FEEFF311826A
:1061F0004FF0500383F31188BFF36F8FBFF34F8FBE
:10620000FA61BB61FB697B63BB6B9A6BBB6BDB6B3E
:106210009A4202D33B68022B2FD1BB6B93F84530D7
:1062200087F83330BB6B9B6BFB623A68B968B86B1D
:1062300000F012F997F93330B3F1FF3F12D1BB6B85
:106240005B6A002B16D0BB6B2433184600F0FEFEB1
:106250000346002B0ED07B68002B0BD07B680122FD
:106260001A6007E097F833300133DBB25AB2BB6BE8
:1062700083F845200123FB6301E00023FB637B6B74
:106280007B617B6983F3118800BFFB6B1846403745
:10629000BD4680BD80B58CB000AFF860B9607A6053
:1062A0000023FB62FB68BB62BB6A002B0BD14FF083
:1062B000500383F31188BFF36F8FBFF34F8F3B629F
:1062C00000BF00BFFDE7BB68002B03D1BB6A1B6C9E
:1062D000002B01D1012300E00023002B0BD14FF054
:1062E000500383F31188BFF36F8FBFF34F8FFB61B0
:1062F00000BF00BFFDE701F06FF80346002B02D19D
:106300007B68002B01D1012300E00023002B0BD17F
:106310004FF0500383F31188BFF36F8FBFF34F8F9C
:10632000BB6100BF00BFFDE701F080FDBB6A9B6B56
:106330007B627B6A002B1FD0B968B86A00F0F6F860
:106340007B6A5A1EBB6A9A63BB6A1B69002B0FD01B
:10635000BB6A1033184600F079FE0346002B07D0C5
:106360003C4B4FF080521A60BFF34F8FBFF36F8FDB
:1063700001F08CFD012369E07B68002B03D101F063
:1063800085FD002362E0FB6A002B06D107F11003B4
:10639000184600F0BFFE0123FB6201F077FD00F01C
:1063A0002BFC01F043FDBB6A93F844305BB2B3F1C0
:1063B000FF3F03D1BB6A002283F84420BB6A93F8F5
:1063C00045305BB2B3F1FF3F03D1BB6A002283F8D3
:1063D000452001F05BFD3A1D07F1100311461846F8
:1063E00000F0AEFE0346002B23D1B86A00F016F988
:1063F0000346002B17D0BB6A24337A68114618462F
:1064000000F0D2FDB86A00F0B7F800F003FC0346D4
:10641000002B89D10F4B4FF080521A60BFF34F8F82
:10642000BFF36F8F80E7B86A00F0A6F800F0F2FBC8
:106430007AE7B86A00F0A0F800F0ECFBB86A00F068
:10644000EDF80346002B3FF46FAF002318463037BA
:10645000BD4680BD04ED00E080B586B000AFF860B9
:10646000B9607A6000237B61FB689B6B3B61FB68D2
:106470001B6C002B0DD1FB681B68002B4DD1FB68FA
:106480009B68184600F0C6FF7861FB6800229A609E
:1064900043E07B68002B19D1FB685868FB681B6CD4
:1064A0001A46B96802F08DFCFB685A68FB681B6CE1
:1064B0001A44FB685A60FB685A68FB689B689A42FA
:1064C0002BD3FB681A68FB685A6026E0FB68D86823
:1064D000FB681B6C1A46B96802F073FCFB68DA684B
:1064E000FB681B6C5B421A44FB68DA60FB68DA6885
:1064F000FB681B689A4207D2FB689A68FB681B6CB2
:106500005B421A44FB68DA607B68022B05D13B6969
:10651000002B02D03B69013B3B613B695A1CFB6885
:106520009A637B6918461837BD4680BD80B582B036
:1065300000AF786039607B681B6C002B18D07B68DB
:10654000DA687B681B6C1A447B68DA607B68DA68FF
:106550007B689B689A4203D37B681A687B68DA6021
:106560007B68D9687B681B6C1A46386802F029FC86
:1065700000BF0837BD4680BD80B584B000AF7860ED
:1065800001F054FC7B6893F84530FB7311E07B68A5
:106590005B6A002B12D07B682433184600F056FD4E
:1065A0000346002B01D000F02FFEFB7B013BDBB24A
:1065B000FB7397F90F30002BE9DC00E000BF7B682C
:1065C000FF2283F8452001F061FC01F02FFC7B687D
:1065D00093F84430BB7311E07B681B69002B12D029
:1065E0007B681033184600F031FD0346002B01D0C4
:1065F00000F00AFEBB7B013BDBB2BB7397F90E30A8
:10660000002BE9DC00E000BF7B68FF2283F8442018
:1066100001F03CFC00BF1037BD4680BD80B584B0A2
:1066200000AF786001F002FC7B689B6B002B02D10D
:106630000123FB6001E00023FB6001F027FCFB6805
:1066400018461037BD4680BD80B584B000AF786075
:1066500001F0ECFB7B689A6B7B68DB6B9A4202D1A2
:106660000123FB6001E00023FB6001F00FFCFB68ED
:1066700018461037BD4680BD80B485B000AF786045
:1066800039600023FB6014E00E4AFB6852F8333097
:10669000002B0BD10B49FB683A6841F83320094ABB
:1066A000FB68DB0013447A685A6006E0FB6801333C
:1066B000FB60FB68072BE7D900BF00BF1437BD465E
:1066C00080BC7047340D002080B586B000AFF86004
:1066D000B9607A60FB687B6101F0A8FB7B6993F885
:1066E00044305BB2B3F1FF3F03D17B69002283F8F2
:1066F00044207B6993F845305BB2B3F1FF3F03D18F
:106700007B69002283F8452001F0C0FB7B699B6B0D
:10671000002B06D17B6924337A68B968184600F0EB
:1067200069FC7869FFF728FF00BF1837BD4680BDB8
:1067300080B58EB004AFF860B9607A603B607B6B67
:10674000002B0BD14FF0500383F31188BFF36F8FF1
:10675000BFF34F8F3B6200BF00BFFDE7BB6B002B59
:106760000BD14FF0500383F31188BFF36F8FBFF34A
:106770004F8FFB6100BF00BFFDE7A8233B613B6972
:10678000A82B0BD04FF0500383F31188BFF36F8F0A
:10679000BFF34F8FBB6100BF00BFFDE73B69BB6B21
:1067A000002B1ED07B6B002B1BD0BB6B7B627B6AEC
:1067B0007A6B1A637B6A022283F8A5200023039375
:1067C0007B6A029307F1140301933B6B00933B68D0
:1067D0007A68B968F86800F051F8786A00F0F6F85D
:1067E00001E000237B617B6918462837BD4680BDE8
:1067F00080B58CB004AFF860B9603B601346FB8095
:10680000FB889B00184601F013FC78617B69002B24
:106810000ED0A82001F00CFCF861FB69002B03D01E
:10682000FB697A691A6305E0786901F0CFFC01E041
:106830000023FB61FB69002B17D0FB69002283F862
:10684000A520FA8800230393FB690293FB6A019356
:10685000BB6A00933B68B968F86800F00FF8F86904
:1068600000F0B4F80123BB6102E04FF0FF33BB61DD
:10687000BB6918462037BD4680BD000080B588B092
:1068800000AFF860B9607A603B603B6B186B7B6867
:106890009B001A46A52102F016F93B6B1A6B7B6828
:1068A00003F18043013B9B001344BB61BB6923F0B0
:1068B0000703BB61BB6903F00703002B0BD04FF04C
:1068C000500383F31188BFF36F8FBFF34F8F7B614A
:1068D00000BF00BFFDE7BB68002B1FD00023FB619A
:1068E00012E0BA68FB69134419783A6BFB691344E8
:1068F00034330A461A70BA68FB6913441B78002BBC
:1069000006D0FB690133FB61FB690F2BE9D900E07D
:1069100000BF3B6B002283F8432003E03B6B002267
:1069200083F83420BB6A372B01D93723BB623B6B1A
:10693000BA6ADA623B6BBA6ADA643B6B00221A65A8
:106940003B6B04331846FFF76AF93B6B1833184664
:10695000FFF765F93B6B3A6B1A61BB6AC3F138020A
:106960003B6B9A613B6B3A6B5A623B6B0022C3F8FC
:10697000A0203B6B002283F8A4203B6B54334C22B5
:106980000021184602F09FF83B6B0D4A9A653B6B5D
:106990000C4ADA653B6B0C4A1A663A68F968B869C2
:1069A00001F054F902463B6B1A60FB6A002B02D0DF
:1069B000FB6A3A6B1A6000BF2037BD4680BD00BF3E
:1069C000C81F0020302000209820002080B582B011
:1069D00000AF786001F02AFA2D4B1B6801332C4A76
:1069E00013602C4B1B68002B09D12A4A7B6813606B
:1069F000274B1B68012B10D100F02AFC0DE0264B21
:106A00001B68002B09D1234B1B68DA6A7B68DB6AA1
:106A10009A4202D81F4A7B681360204B1B680133DF
:106A20001E4A13601D4B1A687B685A647B68DA6AD9
:106A30001B4B1B689A4203D97B68DB6A184A1360B8
:106A40007B68DA6A13469B0013449B00154A1A447C
:106A50007B68043319461046FFF7EDF801F016FA8B
:106A60000D4B1B68002B0ED00A4B1B68DA6A7B6843
:106A7000DB6A9A4207D20C4B4FF080521A60BFF388
:106A80004F8FBFF36F8F00BF0837BD4680BD00BF7B
:106A900048120020740D00205412002064120020BF
:106AA00050120020780D002004ED00E080B584B085
:106AB00000AF78600023FB607B68002B18D0144B7C
:106AC0001B68002B0BD04FF0500383F31188BFF3EA
:106AD0006F8FBFF34F8FBB6000BF00BFFDE700F0BB
:106AE0008BF80021786800F005FD00F093F8F8605D
:106AF000FB68002B07D1074B4FF080521A60BFF3A1
:106B00004F8FBFF36F8F00BF1037BD4680BD00BFF2
:106B10007012002004ED00E080B58AB004AF0023BD
:106B2000BB6000237B603A46391D07F10803184615
:106B3000FFF724F839687B68BA6802920193002352
:106B4000009300230A4624492448FFF7F1FD034639
:106B5000234A1360224B1B68002B02D001237B6168
:106B600001E000237B617B69012B02D100F016FD5F
:106B700078617B69012B1BD14FF0500383F311889F
:106B8000BFF36F8FBFF34F8F3B6100BF154B1B6887
:106B90005433154A1360154B4FF0FF321A60144BF3
:106BA00001221A60134B00221A6001F0CDF80FE0A9
:106BB0007B69B3F1FF3F0BD14FF0500383F3118892
:106BC000BFF36F8FBFF34F8FFB6000BF00BFFDE7C8
:106BD00000BF1837BD4680BDF0C80008217200080C
:106BE0006C120020740D00201C0000206812002090
:106BF000541200204C12002080B400AF044B1B68DC
:106C00000133034A136000BFBD4680BC704700BF1C
:106C10007012002080B584B000AF0023FB60002319
:106C2000BB60424B1B68002B0BD14FF0500383F32A
:106C30001188BFF36F8FBFF34F8F3B6000BF00BF62
:106C4000FDE701F0F3F8394B1B68013B374A13604D
:106C5000364B1B68002B62D1354B1B68002B5ED076
:106C60002FE0344BDB68DB68FB60FB6818331846A9
:106C7000FFF73CF8FB6804331846FFF737F8FB686A
:106C8000DA6A2D4B1B689A4203D9FB68DB6A2A4AF1
:106C90001360FB68DA6A13469B0013449B00274A83
:106CA0001A44FB68043319461046FEF7C4FFFB681C
:106CB000DA6A234B1B68DB6A9A4202D3214B01221A
:106CC0001A601C4B1B68002BCBD1FB68002B01D03A
:106CD00000F062FB1C4B1B687B607B68002B10D0B4
:106CE00000F044F80346002B02D0164B01221A6034
:106CF0007B68013B7B607B68002BF1D1124B00224B
:106D00001A60104B1B68002B09D00123BB600F4B8E
:106D10004FF080521A60BFF34F8FBFF36F8F01F0B7
:106D2000B5F8BB6818461037BD4680BD701200200C
:106D3000481200200812002050120020780D002078
:106D4000740D00205C1200205812002004ED00E0B9
:106D500080B483B000AF044B1B687B607B6818462F
:106D60000C37BD4680BC70474C12002080B586B001
:106D700000AF00237B614F4B1B68002B40F09080DD
:106D80004D4B1B6801333B614B4A3B6913603B69C8
:106D9000002B21D1494B1B681B68002B0BD04FF0F7
:106DA000500383F31188BFF36F8FBFF34F8F3B60A6
:106DB00000BF00BFFDE7414B1B68FB60404B1B68F9
:106DC0003E4A13603E4AFB6813603E4B1B6801332A
:106DD0003C4A136000F0E0FA3B4B1B683A699A4268
:106DE00049D3364B1B681B68002B04D1364B4FF040
:106DF000FF321A603FE0314B1B68DB68DB68BB6029
:106E0000BB685B687B603A697B689A4203D22E4A12
:106E10007B6813602FE0BB6804331846FEF766FFFB
:106E2000BB689B6A002B04D0BB6818331846FEF77A
:106E30005DFFBB68DA6A254B1B689A4203D9BB68C1
:106E4000DB6A224A1360BB68DA6A13469B0013446C
:106E50009B001F4A1A44BB68043319461046FEF7CC
:106E6000EAFEBB68DA6A1B4B1B68DB6A9A42B8D33E
:106E700001237B61B5E7174B1B68DA6A1449134697
:106E80009B0013449B000B441B68012B01D9012379
:106E90007B61114B1B68002B07D001237B6104E051
:106EA0000E4B1B6801330D4A13607B691846183777
:106EB000BD4680BD701200204C1200200012002040
:106EC00004120020601200206812002050120020DE
:106ED000780D0020740D00205C1200205812002054
:106EE00080B485B000AF2A4B1B68002B03D0294B20
:106EF00001221A6047E0274B00221A60264B1B68CC
:106F0000FB6011E0FB68002B0BD14FF0500383F3C3
:106F10001188BFF36F8FBFF34F8F7B6000BF00BF3F
:106F2000FDE7FB68013BFB601C49FA6813469B00C8
:106F300013449B000B441B68002BE3D0FA681346F4
:106F40009B0013449B00154A1344BB60BB685B68FD
:106F50005A68BB685A60BB685A68BB6808339A4273
:106F600004D1BB685B685A68BB685A60BB685B68E1
:106F7000DB680B4A1360084AFB681360084B1B6808
:106F80005433084A136000BF1437BD4680BC7047B5
:106F9000701200205C12002050120020780D00209A
:106FA000740D00201C00002080B584B000AF786014
:106FB00039607B68002B0BD14FF0500383F31188AD
:106FC000BFF36F8FBFF34F8FFB6000BF00BFFDE7C4
:106FD000074B1B68183319467868FEF74FFE0121EE
:106FE000386800F087FA00BF1037BD4680BD00BF8B
:106FF000740D002080B586B000AFF860B9607A608B
:10700000FB68002B0BD14FF0500383F31188BFF3C3
:107010006F8FBFF34F8F7B6100BF00BFFDE70A4B4F
:107020001B6818331946F868FEF705FE7B68002BCD
:1070300002D04FF0FF33BB607968B86800F05AFAAD
:1070400000BF1837BD4680BD740D002080B586B0E6
:1070500000AF78607B68DB68DB683B613B69002BD5
:107060000BD14FF0500383F31188BFF36F8FBFF341
:107070004F8FFB6000BF00BFFDE73B691833184628
:10708000FEF734FE1D4B1B68002B1DD13B690433FA
:107090001846FEF72BFE3B69DA6A194B1B689A42C9
:1070A00003D93B69DB6A164A13603B69DA6A134607
:1070B0009B0013449B00134A1A443B69043319464E
:1070C0001046FEF7B8FD05E03B69183319460E4837
:1070D000FEF7B1FD3B69DA6A0C4B1B68DB6A9A422A
:1070E00005D901237B610A4B01221A6001E00023CC
:1070F0007B617B6918461837BD4680BD7012002041
:1071000050120020780D002008120020740D00207D
:107110005C12002080B483B000AF7860064B1A6820
:107120007B681A60054B1A687B685A6000BF0C3791
:10713000BD4680BC704700BF601200204C1200208A
:1071400080B588B000AF786039607B68002B0BD1C8
:107150004FF0500383F31188BFF36F8FBFF34F8F4E
:107160003B6100BF00BFFDE73B68002B0BD14FF038
:10717000500383F31188BFF36F8FBFF34F8FFB6012
:1071800000BF00BFFDE700F051FE1D4B1B68BB6157
:107190007B685B68BA69D31A7B613B681B68B3F193
:1071A000FF3F02D10023FB6123E07B681A68154B87
:1071B0001B689A4207D07B685B68BA699A4202D31F
:1071C0000123FB6115E03B681B687A699A420BD288
:1071D0003B681A687B69D21A3B681A607868FFF7C7
:1071E00099FF0023FB6104E03B6800221A60012341
:1071F000FB6100F04BFEFB6918462037BD4680BDA1
:107200004C1200206012002080B400AF034B01221A
:107210001A6000BFBD4680BC704700BF5C120020F2
:1072200080B582B000AF786000F052F8064B1B6862
:10723000012BF9D9054B4FF080521A60BFF34F8FE5
:10724000BFF36F8FF0E700BF780D002004ED00E082
:1072500080B582B000AF00237B600CE07A681346F3
:107260009B0013449B00124A13441846FEF7B8FCD7
:107270007B6801337B607B68372BEFD90D48FEF7C5
:10728000AFFC0D48FEF7ACFC0C48FEF7A9FC0C481F
:10729000FEF7A6FC0B48FEF7A3FC0B4B054A1A6051
:1072A0000A4B054A1A6000BF0837BD4680BD00BFC3
:1072B000780D0020D8110020EC11002008120020C9
:1072C0001C120020341200200012002004120020A2
:1072D00080B582B000AF19E000F0A8FD104BDB686C
:1072E000DB687B607B6804331846FEF7FFFC0D4BC0
:1072F0001B68013B0B4A13600B4B1B68013B0A4A9E
:10730000136000F0C3FD786800F010F8064B1B68AE
:10731000002BE1D100BF00BF0837BD4680BD00BFD4
:107320001C120020481200203012002080B584B0CA
:1073300000AF78607B685433184601F081FC7B68AD
:1073400093F8A530002B08D17B681B6B184600F022
:107350003DFF786800F03AFF19E07B6893F8A530AC
:10736000012B03D1786800F031FF10E07B6893F8BF
:10737000A530022B0BD04FF0500383F31188BFF3DD
:107380006F8FBFF34F8FFB6000BF00BFFDE700BFF3
:107390001037BD4680BD000080B483B000AF0C4BF9
:1073A0001B681B68002B04D10A4B4FF0FF321A6098
:1073B00008E0074B1B68DB68DB687B607B685B6809
:1073C000044A136000BF0C37BD4680BC704700BF45
:1073D000001200206812002080B483B000AF0B4B75
:1073E0001B68002B02D101237B6008E0084B1B685F
:1073F000002B02D102237B6001E000237B607B68CD
:1074000018460C37BD4680BC704700BF54120020A0
:107410007012002080B586B000AF78607B683B6159
:1074200000237B617B68002B58D02F4B1B683A6987
:107430009A420BD04FF0500383F31188BFF36F8F44
:10744000BFF34F8FFB6000BF00BFFDE73B691B6DC3
:10745000002B0BD14FF0500383F31188BFF36F8FD4
:10746000BFF34F8FBB6000BF00BFFDE73B691B6DE3
:107470005A1E3B691A653B69DA6A3B69DB6C9A42C2
:107480002CD03B691B6D002B28D13B690433184677
:10749000FEF72CFC3B69DA6C3B69DA623B69DB6A1C
:1074A000C3F138023B699A613B69DA6A0F4B1B688A
:1074B0009A4203D93B69DB6A0C4A13603B69DA6A7A
:1074C00013469B0013449B00094A1A443B6904334A
:1074D00019461046FEF7AFFB01237B617B69184616
:1074E0001837BD4680BD00BF740D0020501200202B
:1074F000780D002080B584B000AF78603960214BF2
:107500001B68FB60204B1B6804331846FEF7EEFB3C
:107510007B68B3F1FF3F0AD13B68002B07D01A4BC1
:107520001B68043319461948FEF785FB26E0FA6804
:107530007B681344BB60144B1B68BA685A60BA6816
:10754000FB689A4209D2124B1A680F4B1B6804332E
:1075500019461046FEF792FB10E00E4B1A680A4BD4
:107560001B68043319461046FEF788FB0A4B1B685C
:10757000BA689A4202D2084ABB68136000BF10374B
:10758000BD4680BD4C120020740D00203412002036
:1075900004120020001200206812002080B58AB07A
:1075A00004AF00237B6100F011FB1D4B1B68002B17
:1075B00021D00023FB600023BB603A1D07F10801C6
:1075C00007F10C031846FEF7F1FA7968BB68FA6810
:1075D000029201930223009300230A4611491248A4
:1075E000FFF7A6F80346114A1360104B1B68002BE7
:1075F00001D001237B617B69002B0BD14FF050033D
:1076000083F31188BFF36F8FBFF34F8F3B6100BFD0
:1076100000BFFDE77B6918461837BD4680BD00BF37
:10762000A4120020F8C8000869770008A8120020FA
:1076300080B58AB000AFF860B9607A603B60002323
:107640007B62FB68002B0BD14FF0500383F3118852
:10765000BFF36F8FBFF34F8F3B6200BF00BFFDE7EB
:10766000194B1B68002B2AD0BB683B617B687B6190
:10767000FB68BB61BB68052B18DCFFF7ADFE03465A
:10768000022B09D1104B186807F1100100233A6B47
:10769000FEF760FC786212E00B4B186807F11001EE
:1076A00000230022FEF756FC786208E0064B1868BB
:1076B00007F1100100233A68FEF74EFD78627B6AFD
:1076C00018462837BD4680BDA412002080B588B07A
:1076D00002AF78603960234B1B68DB68DB687B6135
:1076E0007B6904331846FEF701FB7B6993F8283069
:1076F00003F00403002B23D07B699A697B68D118BF
:107700007B683A68786900F0D3F80346002B20D0F4
:107710000023009300237A6800217869FFF788FF2F
:1077200038613B69002B14D14FF0500383F311886B
:10773000BFF36F8FBFF34F8FFB6000BF00BFFDE74C
:107740007B6993F8283023F00103DAB27B6983F870
:1077500028207B691B6A7869984700BF1837BD46A7
:1077600080BD00BF9C12002080B584B000AF78605F
:1077700007F10803184600F059F8F860BB6819468D
:10778000F86800F005F800F0D5F800BFF0E7000059
:1077900080B584B000AF78603960FFF72DFA07F14B
:1077A0000803184600F064F8F860BB68002B30D17D
:1077B0003B68002B0AD17A68FB689A4206D8FFF72B
:1077C00029FAF9687868FFF781FF24E03B68002B0D
:1077D00008D0134B1B681B68002B01D1012300E06C
:1077E00000233B600F4B18687A68FB68D31A3A682D
:1077F0001946FEF769FFFFF70DFA0346002B0AD181
:10780000094B4FF080521A60BFF34F8FBFF36F8F59
:1078100001E0FFF7FFF900BF1037BD4680BD00BF94
:10782000A0120020A412002004ED00E080B485B076
:1078300000AF78600D4B1B681B68002B01D1012243
:1078400000E000227B681A607B681B68002B05D172
:10785000064B1B68DB681B68FB6001E00023FB60D4
:10786000FB6818461437BD4680BC70479C12002048
:1078700080B584B000AF7860FFF76AFAF8600B4B10
:107880001B68FA689A4205D200F03AF97B68012237
:107890001A6002E07B6800221A60044AFB681360E9
:1078A000FB6818461037BD4680BD00BFAC120020F3
:1078B00080B586B000AFF860B9607A603B600023A5
:1078C0007B61FB68BA685A60FB68FA681A61BA683B
:1078D0007B689A4212D87A683B68D21AFB689B6927
:1078E0009A4202D301237B611BE0104B1A68FB68AC
:1078F000043319461046FEF7C1F912E07A683B6876
:107900009A4206D2BA683B689A4202D301237B614D
:1079100007E0074B1A68FB68043319461046FEF768
:10792000ADF97B6918461837BD4680BDA01200200E
:107930009C12002080B58EB002AFCEE07B68002B99
:1079400019DA3B1D0433FB62FB6A002B0BD14FF0AD
:10795000500383F31188BFF36F8FBFF34F8FFB6129
:1079600000BF00BFFDE7FB6A1B68FA6A5068FA6A4D
:107970009268114698477B68002BC0F2AE80FB6886
:10798000BB62BB6A5B69002B04D0BB6A0433184638
:10799000FEF7ACF93B461846FFF76AFF78627B6852
:1079A000092B00F2978001A252F823F0D579000844
:1079B000D5790008D57900084B7A00085F7A00086D
:1079C000AB7A0008D5790008D57900084B7A000811
:1079D0005F7A0008BB6A93F8283043F00103DAB2FB
:1079E000BB6A83F82820BA68BB6A9B69D118BB6858
:1079F0007A6AB86AFFF75CFF0346002B6CD0BB6A5B
:107A00001B6AB86A9847BB6A93F8283003F00403EE
:107A1000002B61D0BA68BB6A9B691A4400230093AB
:107A200000230021B86AFFF703FE38623B6A002B8F
:107A300052D14FF0500383F31188BFF36F8FBFF320
:107A40004F8FBB6100BF00BFFDE7BB6A93F82830D2
:107A500023F00103DAB2BB6A83F828203DE0BB6A59
:107A600093F8283043F00103DAB2BB6A83F8282088
:107A7000BA68BB6A9A61BB6A9B69002B0BD14FF055
:107A8000500383F31188BFF36F8FBFF34F8F7B6178
:107A900000BF00BFFDE7BB6A9A697B6AD1187B6AA9
:107AA0007A6AB86AFFF704FF17E0BB6A93F82830D8
:107AB00003F00203002B03D1B86A00F087FB0CE04F
:107AC000BB6A93F8283023F00103DAB2BB6A83F86B
:107AD000282002E000BF00E000BF084B1B68391DF2
:107AE00000221846FEF7D6FB0346002B7FF426AF94
:107AF00000BF00BF3037BD4680BD00BFA4120020CC
:107B000080B588B002AF49E02E4B1B68DB681B686C
:107B10003B612C4B1B68DB68DB68FB60FB68043354
:107B20001846FEF7E3F8FB681B6AF8689847FB689D
:107B300093F8283003F00403002B2FD0FB689B69D7
:107B40003A691344BB60BA683B699A420ED9FB6834
:107B5000BA685A60FB68FA681A611A4B1A68FB68BF
:107B6000043319461046FEF789F817E00023009306
:107B700000233A690021F868FFF75AFD78607B68B6
:107B8000002B0BD14FF0500383F31188BFF36F8F9D
:107B9000BFF34F8F3B6000BF00BFFDE7094B1B6881
:107BA0001B68002BB0D1074B1B687B61064B1B6821
:107BB000044A1360044A7B69136000BF1837BD464E
:107BC00080BD00BF9C120020A012002080B582B0B2
:107BD00002AF00F02BF9154B1B68002B20D1144885
:107BE000FDF7FEFF1348FDF7FBFF134B104A1A6029
:107BF000124B104A1A6000230093114B114A1021B6
:107C00000A20FEF707F90346084A1360074B1B6872
:107C1000002B05D0054B1B680B491846FEF72CFDC1
:107C200000F034F900BFBD4680BD00BFA4120020A3
:107C300074120020881200209C120020A012002044
:107C400050130020B012002000C9000880B485B095
:107C500000AFF860B9607A60FB68043BFB60FB68CA
:107C60004FF080721A60FB68043BFB60BB6823F036
:107C70000102FB681A60FB68043BFB60084AFB6872
:107C80001A60FB68143BFB607A68FB681A60FB684B
:107C9000203BFB60FB6818461437BD4680BC70472C
:107CA000A57C000880B485B000AF00237B60124B38
:107CB0001B68B3F1FF3F0BD04FF0500383F31188E3
:107CC000BFF36F8FBFF34F8FFB6000BF00BFFDE7B7
:107CD0004FF0500383F31188BFF36F8FBFF34F8FC3
:107CE000BB6000BF00BF7B68002BFCD000BF00BFA3
:107CF0001437BD4680BC70470C0000200000000017
:107D0000074B19680868B0E8F00F80F30988BFF3E3
:107D10006F8F4FF0000080F311884EF00D0E70470A
:107D2000740D002000BF00BF06480068006880F3A3
:107D3000088862B661B6BFF34F8FBFF36F8F00DF65
:107D400000BF00BF08ED00E080B584B000AF324B4B
:107D5000FB60FB681B78DBB27B60FB68FF221A705C
:107D6000FB681B78DBB2FB70FB78DBB203F05003DF
:107D7000DAB22A4B1A702A4B07221A6009E0284B04
:107D80001B68013B264A1360FB78DBB25B00DBB269
:107D9000FB70FB78DBB203F08003802BEFD0204B2D
:107DA0001B68C3F10703042B0BD04FF0500383F380
:107DB0001188BFF36F8FBFF34F8FBB6000BF00BF51
:107DC000FDE7174B1B681B02154A1360144B1B6819
:107DD00003F4E063124A13607B68DAB2FB681A703E
:107DE000104B1B680F4A43F4700313600D4B1B6864
:107DF0000C4A43F07043136000F0B8F80A4B0022BD
:107E00001A60FFF791FFFFF76BF8FFF74BFF0023B6
:107E100018461037BD4680BD00E400E0A0130020E6
:107E2000A413002020ED00E00C00002080B483B0FB
:107E300000AF4FF0500383F31188BFF36F8FBFF390
:107E40004F8F7B6000BF0F4B1B6801330D4A1360DF
:107E50000C4B1B68012B10D10B4B1B68DBB2002BAA
:107E60000BD04FF0500383F31188BFF36F8FBFF334
:107E70004F8F3B6000BF00BFFDE700BF0C37BD4622
:107E800080BC70470C00002004ED00E080B483B09B
:107E900000AF124B1B68002B0BD14FF0500383F344
:107EA0001188BFF36F8FBFF34F8F7B6000BF00BFA0
:107EB000FDE70A4B1B68013B084A1360074B1B6830
:107EC000002B05D100233B603B6883F3118800BF82
:107ED00000BF0C37BD4680BC704700BF0C000020BF
:107EE000EFF30980BFF36F8F0D4B1A6820E9F00F95
:107EF00010602DE908404FF0500080F31188FEF724
:107F0000EFFF4FF0000080F31188BDE808401968CA
:107F10000868B0E8F00F80F30988BFF36F8F7047EF
:107F2000740D002000BF00BF80B582B000AF4FF0DD
:107F3000500383F31188BFF36F8FBFF34F8F7B60C4
:107F400000BFFEF713FF0346002B03D0064B4FF094
:107F500080521A6000233B603B6883F3118800BFA6
:107F600000BF0837BD4680BD04ED00E080B400AF1F
:107F70000A4B00221A600A4B00221A60094B1B6848
:107F8000094AA2FB03239B09084A013B1360034BE8
:107F900007221A6000BFBD4680BC704710E000E0B9
:107FA00018E000E000000020D34D621014E000E073
:107FB00080B485B000AFEFF30583FB60FB680F2B47
:107FC00015D9174AFB6813441B78FB72154B1B78B5
:107FD000FA7A9A420BD24FF0500383F31188BFF321
:107FE0006F8FBFF34F8F7B6000BF00BFFDE70E4B6D
:107FF0001B6803F4E0620D4B1B689A420BD94FF0EB
:10800000500383F31188BFF36F8FBFF34F8F3B6033
:1080100000BF00BFFDE700BF1437BD4680BC7047FE
:10802000F0E300E0A01300200CED00E0A41300201A
:1080300080B58AB000AF78600023FB61FEF7DCFDFD
:108040005C4B1B68002B01D100F024F95A4B1A68D5
:108050007B681340002B40F095807B68002B1ED07E
:1080600008227B6813447B607B6803F00703002BC6
:1080700015D07B6823F0070308337B607B6803F02F
:108080000703002B0BD04FF0500383F31188BFF38D
:108090006F8FBFF34F8F7B6100BF00BFFDE77B6831
:1080A000002B6FD0454B1B687A689A426AD8444BC4
:1080B0003B62434B1B687B6204E07B6A3B627B6AEA
:1080C0001B687B627B6A5B687A689A4203D97B6A29
:1080D0001B68002BF1D1374B1B687A6A9A4251D04A
:1080E0003B6A1B6808221344FB617B6A1A683B6A7F
:1080F0001A607B6A5A687B68D21A08235B009A422E
:1081000020D97A6A7B681344BB61BB6903F007031B
:10811000002B0BD04FF0500383F31188BFF36F8F08
:10812000BFF34F8F3B6100BF00BFFDE77B6A5A681A
:108130007B68D21ABB695A607B6A7A685A60B869F0
:1081400000F00AF91D4B1A687B6A5B68D31A1B4A58
:1081500013601A4B1A681B4B1B689A4203D2174BC9
:108160001B68184A13607B6A5A68134B1B681A43D2
:108170007B6A5A607B6A00221A60134B1B680133CA
:10818000114A1360FEF746FDFB6903F00703002B5D
:108190000BD04FF0500383F31188BFF36F8FBFF301
:1081A0004F8FFB6000BF00BFFDE7FB691846283713
:1081B000BD4680BDB01F0020C41F0020B41F00209A
:1081C000A81F0020B81F0020BC1F002080B586B06B
:1081D00000AF78607B687B617B68002B4FD0082301
:1081E0005B427A6913447B617B693B613B695A68F6
:1081F000254B1B681340002B0BD14FF0500383F32A
:108200001188BFF36F8FBFF34F8FFB6000BF00BFBC
:10821000FDE73B691B68002B0BD04FF0500383F345
:108220001188BFF36F8FBFF34F8FBB6000BF00BFDC
:10823000FDE73B695A68144B1B681340002B1ED0A6
:108240003B691B68002B1AD13B695A680E4B1B68AF
:10825000DB431A403B695A60FEF7CEFC3B695A6823
:108260000A4B1B681344094A1360386900F074F81C
:10827000074B1B680133064A1360FEF7CBFC00BFB7
:108280001837BD4680BD00BFC41F0020B41F0020AA
:10829000C01F002080B485B000AF4FF44063BB60C6
:1082A000274BFB60FB6803F00703002B0CD0FB6837
:1082B0000733FB60FB6823F00703FB60BA68FB68C9
:1082C000D31A1F4A1344BB60FB687B601D4A7B685E
:1082D00013601C4B00225A607B68BA681344FB6031
:1082E0000822FB689B1AFB60FB6823F00703FB6016
:1082F000FB68154A1360144B1B6800225A60124B2E
:108300001B6800221A607B683B603B68FA68D21ADF
:108310003B685A600C4B1A683B681A603B685B68A4
:108320000A4A13603B685B68094A1360094B4FF0C7
:1083300000421A6000BF1437BD4680BC704700BFC2
:10834000A8130020A81F0020B01F0020B81F002085
:10835000B41F0020C41F002080B485B000AF786037
:10836000274BFB6002E0FB681B68FB60FB681B6837
:108370007A689A42F7D8FB68BB60FB685B68BA68AA
:1083800013447A689A4208D1FB685A687B685B6834
:108390001A44FB685A60FB687B607B68BB607B6843
:1083A0005B68BA681A44FB681B689A4218D1FB687C
:1083B0001A68144B1B689A420DD07B685A68FB6898
:1083C0001B685B681A447B685A60FB681B681A6804
:1083D0007B681A6008E00B4B1A687B681A6003E040
:1083E000FB681A687B681A60FA687B689A4202D058
:1083F000FB687A681A6000BF1437BD4680BC7047BE
:10840000A81F0020B01F00202DE9F04F87B0039374
:108410008B6891465A1EB2F5AE7F82BF6FF4AE757F
:1084200003EB050B40F25D130A464FF0000588BFD1
:108430008B600B68804643F4F06342F81C3B0C46AB
:1084400098BF4FF0000B1646AA462F46CDE90455BB
:1084500001920295A2685AB1D9F800301B784E2BD0
:1084600062D8402B3AD8A3F12B01C8B20E2838D9D4
:108470001FB1236823F4807323600AF1FF3ABAF135
:10848000010F00F21481019B9E4200F20581012040
:1084900007B0BDE8F08FA3F161020D2AE8D801A171
:1084A00051F822F0ED8500087184000871840008FD
:1084B000718400084986000823860008718400083A
:1084C00071840008FB85000871840008718400082D
:1084D0007184000871840008B7850008A3F1410287
:1084E000DBE70E29C4D801A050F821F0A7850008C9
:1084F00071840008A7850008378600087184000889
:10850000498500088D8500088D8500088D85000847
:108510008D8500088D8500088D8500088D850008F3
:108520008D8500088D8500086E2B09D8602BB2D888
:10853000542B7BD0592B9BD1072D99D108252FE0A7
:10854000742B73D0792BF6E72168C8051ED521F06E
:10855000800121600137BBF1000F03D001320BF124
:10856000FF3BA260A368013BA36023690133236141
:10857000D9F80430013B002BC9F8043040F3838064
:10858000D9F800300133C9F8003063E71AEB050170
:108590007FF46EAF0D468A46226822F4C0722260D4
:1085A00006F8013BDEE7226810067FF561AF22F096
:1085B00080022260F4E7BAF1000F0CD177B922688B
:1085C00002F4E061B1F5E06F08D122F4F0624FF0FF
:1085D000010A2260E4E7BAF1020F51D0012D02D066
:1085E000042D7FF445AF0135EDB2D9E7BAF1010FA3
:1085F0007FF43EAF4FF0020AD2E775B9002F7FF447
:1086000038AF226802F4E061B1F5E06F40F0FF801E
:1086100022F4F06201252260C2E7032DE3D0052D8C
:10862000DFE7022D7FF424AF0325B9E7062D7FF4A1
:108630001FAF0725B4E7226891057FF519AF22F433
:10864000207222600297ABE7226802F4A061B1F5C4
:10865000806F05D050057FF50BAF002F00F0D7805D
:10866000910558BF029922F4F06258BF791A42F47A
:10867000C0724FF0000758BFCDE9041622608FE7A3
:108680004FF0030A8CE749464046D4F880319847BA
:1086900000283FF4DFAEEBE6D4F87C314A46404692
:1086A00016F8011D98472369013B2361EBE66B1E19
:1086B000062B24D8022D36D8019B9E427FF6E7AECA
:1086C000D4F87C314A46404616F8011D9847236984
:1086D000013B2361F0E7D4F87C314A4640461BF861
:1086E000011D98472369013B23610AF1FF3A5FFAB4
:1086F0008AFABAF1020FEED1033DEDB2761B236880
:10870000DA0530D55B0511D5019B9E427FF6BFAEE1
:10871000D4F87C314A46404616F8011D9847236933
:10872000013B2361F0E7AA46B346DEE716F8011CD9
:108730002369652903F1FF3306F1FF3523610CD06E
:1087400045290AD0D4F87C314A46404698472369E7
:1087500016F8021C013BB51E23614A464046D4F878
:108760007C3198472E46226812F0100201D000207A
:108770008EE63270236803F4C063B3F5806F25D1B1
:10878000029B9F420AD0DA1B04F26F139E4228BF5D
:1087900004F5B77630461F4900F002F90022404642
:1087A000019901F039FA039B25681B6815F0020F47
:1087B00006460F4603F1040215D003990A601B68B0
:1087C000C3E90067E3680133E360D0E7049B002B53
:1087D000E4D005990A234046013101F09DFA049B3B
:1087E000059EC21AD0E76D07E7D4039D2A601D6875
:1087F00002460B46F8F714F920B1074800F0F0FAEA
:108800002860DFE730463946F8F740F9F8E70027F7
:1088100033E600BF86C9000837CA0008002310B538
:108820000446C0E90033C0E90433836081814366B4
:10883000C2818361194608225C3000F044F90D4B77
:10884000246263620C4BA3620C4BE3620C4B236308
:108850000C4B9C4206D003F16802944202D0D03304
:108860009C4205D104F15800BDE8104000F0A6BAC2
:1088700010BD00BF3D8A0008638A00089B8A00087B
:10888000BF8A0008C81F0020024A0349034800F0BD
:1088900069B800BF1000002021AA000820000020B5
:1088A00041680C4B10B59942044601D002F0B8F86B
:1088B000A168094B994202D0204602F0B1F8E16864
:1088C000064B994204D02046BDE8104002F0A8B8FB
:1088D00010BD00BFC81F00203020002098200020BD
:1088E00010B50B4B0B4C0C4A20461A600421002299
:1088F000FFF794FF04F1680001220921FFF78EFFC2
:1089000004F1D0000222BDE810401221FFF786BF1B
:1089100000210020C81F002089880008014800F0BD
:108920004EBA00BF09210020014800F049BA00BF3B
:108930000921002010B50446FFF7F0FF236A1BB1A0
:10894000BDE81040FFF7F0BF044B2362044B1B68E7
:10895000002BF5D1FFF7C4FFF2E700BFA1880008A4
:10896000002100202DE9F8430746884614460026DA
:10897000D4E90195B9F1010905D52468002CF7D196
:108980003046BDE8F883AB89012B07D9B5F90E3025
:10899000013303D029463846C04706436835E9E726
:1089A0000EB46FF0004110B500249DB01FAB0290D3
:1089B0000690079104910948094953F8042B059141
:1089C000006802A901931B9401F004FA029B1C7039
:1089D0001DB0BDE8104003B0704700BF1C00002070
:1089E0000802FFFF0EB44FF4017270B500259DB070
:1089F00021AC54F8046BADF814201B95029006903E
:108A0000F7F7B0FB0B4B03900B934FF6FF730790F8
:108A10000948ADF816303246234602A900680F9582
:108A20001495019401F02CFB1DB0BDE8704003B01B
:108A3000704700BF5F8A00081C00002010B50C467C
:108A4000B1F90E1000F06CF90028ABBF636DA3897B
:108A50001B1823F48053ACBF6365A38110BD0020B5
:108A600070472DE9F0411F468B890546DB050C4612
:108A7000164605D502230022B1F90E1000F03EF98A
:108A8000A389324623F48053A38128463B46B4F998
:108A90000E10BDE8F04100F055B910B50C46B1F923
:108AA0000E1000F02BF9431CA38915BF606523F459
:108AB000805343F48053A38118BFA38110BDB1F943
:108AC0000E1000F0ADB803460244934200D1704747
:108AD00003F8011BF9E70346C9B2184613F8012B46
:108AE00012B18A42F9D17047002918BF002070479F
:108AF00010B56AB10139841810F8012B11F8013F43
:108B00009A4203D1A04201D0002AF5D1D01A10BD5B
:108B10001046FCE7034610B5013932B111F8014F98
:108B2000013A03F8014B002CF7D100211A4493427B
:108B300000D110BD03F8011BF9E70000164B2DE929
:108B4000F0411F6805467C6C0E46ECB9502000F0E1
:108B5000B1F90246786420B95B21104B104800F04F
:108B600043F9C0E90044C0E90244C0E90444C0E953
:108B70000A44C0E90C44C0E90E44C0E91044C0E90D
:108B80001244846104774462314628467A6C01239A
:108B9000BDE8F04100F006B81C0000208BC90008B9
:108BA000A2C90008F0B5044608B9146844B10F46DC
:108BB000204614F8015B17F8016B1EB965B9156002
:108BC000002005E0B542F6D1002BF0D1146003700F
:108BD000F0BD1C460CE01DB90E46274614F8013BBB
:108BE00016F8015BAB42F6D1002BF2D000233B70AC
:108BF0001460EDE70A7870B56AB970BD9A4209D180
:108C00000C46054614F8013F002BF6D015F8016F0D
:108C10009E42F7D001300378002BEFD11846ECE7E5
:108C200038B50023054D044608462B60F9F701FED0
:108C3000431C02D12B6803B1236038BD04210020FE
:108C40002D4B70B51B680446834253D0C3691BB3D8
:108C5000DB6863B10025E369DB685959B1B90435B4
:108C6000802DF8D1E3692046D96800F0DBF8E3698C
:108C7000196811B1204600F0D5F8E3699D685DB12F
:108C8000294620462D6800F0CDF8F8E70E6820460A
:108C900000F0C8F83146E1E7616911B1204600F003
:108CA000C1F8E16911B1204600F0BCF8216B11B1A7
:108CB000204600F0B7F8616B11B1204600F0B2F821
:108CC000A16B11B1204600F0ADF8A16C11B12046A6
:108CD00000F0A8F8616C11B1204600F0A3F8E16A39
:108CE00011B1204600F09EF8236A1BB12046BDE872
:108CF0007040184770BD00BF1C00002038B5044606
:108D0000084611460022054D2A601A46F9F7B5FDBE
:108D1000431C02D12B6803B1236038BD042100201D
:108D200038B50446084611460022054D2A601A4609
:108D3000F9F746FD431C02D12B6803B1236038BD0F
:108D40000421002038B50446084611460022054D8E
:108D50002A601A46F9F751FD431C02D12B6803B172
:108D6000236038BD04210020014B1868704700BF04
:108D70001C00002070B500260C4D0D4C641BA41087
:108D8000A64209D103F08CFA00260A4D0A4C641B56
:108D9000A410A64205D170BD55F8043B9847013692
:108DA000EEE755F8043B98470136F2E7C0CD0008DE
:108DB000C0CD0008C0CD0008C4CD00087047704782
:108DC00070470A44914200F1FF3300D1704710B55B
:108DD00011F8014B914203F8014FF9D110BD000089
:108DE000004870470000C07F1FB514461A46094B63
:108DF00005461B68D8684CB1074BCDE9013400919A
:108E00002B46064901F034FE01F0F4FE044B1C46EB
:108E1000F3E700BF1C000020FCC9000809CA0008D5
:108E200037CA000838B50546002940D051F8043C3F
:108E30000C1F002BB8BFE41800F0E6F81C4A1368BA
:108E400033B9636014602846BDE8384000F0E2B8EA
:108E5000A34208D9206821188B4201BF19685B68BA
:108E600009182160EDE71A465B680BB1A342FAD9F5
:108E700011685018A0420BD1206801445018834259
:108E80001160E0D118685B68084410605360DAE74D
:108E900002D90C232B60D6E7206821188B4201BF32
:108EA00019685B680918216063605460CBE738BDBE
:108EB00010210020024B0146186800F025B800BFC1
:108EC0001C00002070B50F4E0C463168054611B9E4
:108ED00001F06CFE30602146284601F067FE431C1D
:108EE00003D14FF0FF34204670BDC41C24F00304AE
:108EF000A042F8D0211A284601F058FE0130F2D1E4
:108F0000EFE700BF0C2100202DE9F843CD1C25F030
:108F1000030508350C2D38BF0C25002D064601DB56
:108F2000A94204D90C2333600020BDE8F883DFF8A0
:108F3000D48000F069F8D8F800301C4644BB2946BC
:108F40003046FFF7BFFF431C044658D1D8F8004015
:108F50002746002F43D1002C4BD02368394630469A
:108F600004EB030901F022FE814542D1216830461D
:108F70006D1A2946FFF7A6FF01303AD023682B442B
:108F80002360D8F800305A6862BBC8F800700FE060
:108F90002268521B20D40B2A17D96119A3422560DD
:108FA00018BF5960636808BFC8F8001062514B6071
:108FB000304600F02FF804F10B00231D20F00700CD
:108FC000C21A1CBF1B1AA350AFE76268A3420CBFB2
:108FD000C8F800205A60EBE723466468AEE73C46D9
:108FE0007F68B6E71A465B68A342FBD10023536053
:108FF000DEE70C233046336000F00CF894E70560A0
:10900000D6E700BF102100200148FFF7D8BE00BFFF
:10901000082100200148FFF7D3BE00BF082100202F
:109020002DE9F0410F46904602F0A4FC04460D469F
:10903000B8F1000F11D0C7F30A53C3F16B03002B33
:109040000BDD00241B0503F17F5505F54015224675
:109050002B46F7F74BFA04460D4620462946BDE855
:10906000F0810000000000002DE9F04F9FB0179242
:1090700000220C461A924FF0000A4FF0000B0A46ED
:109080000590199211782B2948D036D80D2930D85F
:10909000082930D8002939D000220E92199D2A784B
:1090A000302A40F0B0806A7802F0DF02582A6CD192
:1090B00002930E9B8F4A01931AAB009305981BAB4A
:1090C00019A901F007FE10F00F06044605D0062E80
:1090D00026D10023013519950E93179B002B40F0E4
:1090E00082850E9BBBB150460BF100411FB0BDE81D
:1090F000F08F2029D0D10132C3E72D29CCD1012115
:109100000E91511C19915278002AC7D1179B1994BE
:10911000002B40F0668550465946E7E70021EFE70F
:109120001A9A3AB135211CA802F014FD1A99059833
:1091300002F0F4F8013E1B9A042E06D8DFE806F090
:1091400014031D201400DDE91CABE10548BF4BF002
:10915000004B2BF000431B0D1B05002BBDD1FFF76F
:1091600003FE22230360B8E702F23342DDE91CA3C9
:1091700023F4801343EA025BE7E7DFF87CB1E4E71E
:109180006FF0004B4FF0FF3ADFE7199B5A1C199222
:109190005B78302BF9D0002B9FD0012300270A22C7
:1091A000B9460893199B0B970C9319980578A5F16C
:1091B0003003D9B2092928D901225049FFF798FC78
:1091C000002832D000202A4603464D460A90652AE0
:1091D00001D0452A14D11DB9089A024396D0002522
:1091E000199C621C199262782B2A7AD02D2A7ED083
:1091F0004FF0000CA2F13001092940F2858019944A
:109200004FF00008A5E00023C8E7B9F1080FD8BF68
:109210000B9900F10100D6BF02FB013302FB0737B7
:109220000B9309F101091990BFE7199B5A1C199278
:109230005A78B9F1000F3BD04D460A90A2F13003A5
:10924000092B12D90123C2E7199B01305A1C19922C
:109250005A78302AF8D0A2F13103082B00F2C884E2
:109260000A9000200546199B0C93303A00F1010347
:1092700018D02E464FF00A0E0A9919440A91711C13
:10928000A1EB050C634515DC20EAE0702B18082BD8
:1092900005F1010505441ADC0A230B9903FB0123A0
:1092A0000B930023199A1846511C19915278C5E75F
:1092B0004846CEE7082E05DC0B9E0EFB06F60B9605
:1092C0000E46DCE71029D8BF0EFB07F7F8E70F2B97
:1092D000DCBF0A2303FB0727E3E700230A930123EC
:1092E0007AE74FF0000CA21C1992A27882E74FF0A7
:1092F000010CF8E77CCB00080000F07F38CA0008BA
:10930000199A511C19915278302AF9D0A2F13101E1
:1093100008293FF675AF4FF00A08303A0992199ABA
:109320000F92199A561C19965278A2F1300EBEF17E
:10933000090F39D90F9944F61F68761A082E03DCF5
:1093400009998845A8BF8846BCF1000F01D0C8F133
:109350000008002D4ED1089908437FF4BEAE002BC3
:109360007FF4D4AE692A28D025DC492A25D04E2A9C
:109370007FF4CCAE994919A801F0CEFE00283FF445
:10938000C5AE199B1B78282B2ED195491CAA19A86C
:1093900001F0D6FE052827D11D9BDDF870A043F013
:1093A000FF4B4BF4E00B98E6099908FB0121A1F172
:1093B00030020992B5E76E2ADAE78A4919A801F066
:1093C000ABFE00283FF4A2AE199B8749013B19A8C8
:1093D000199301F0A1FE10B9199B013319934FF0B5
:1093E000000ADFF808B278E6814801F0FDFB82460A
:1093F0008B4672E60A9BB9F1000F08BFA946A8EB9D
:109400000303102D0B982C460993A8BF1024F6F7E0
:10941000F3FF092D82468B4611DC099B002B3FF49C
:109420005CAE099B76DD162B5DDC7249524601EB82
:10943000C3015B46D1E90001F7F758F8D7E76D4B58
:1094400003EBC40353E91223F7F750F8824638467A
:109450008B46F6F7D1FF02460B4650465946F6F7C3
:109460008FFE0F2D82468B46D7DD099B2C1B1C449B
:10947000002C40F3938014F00F030AD05D4952464C
:1094800001EBC301D1E900015B46F7F72FF88246F3
:109490008B4634F00F0473D0B4F59A7F49DD002475
:1094A000A046A1460B9422234FF0000A059ADFF84C
:1094B0003CB113600B9B002B3FF40FAE1A9905983B
:1094C00001F02CFF4946059801F028FF4146059818
:1094D00001F024FF0B99059801F020FF2146059823
:1094E00001F01CFFF9E5099AC5F125039342BCDBA5
:1094F000404CC5F10F0504EBC5015246D1E900010E
:109500005B46F6F7F3FF099B5D1B04EBC504D4E94A
:10951000002391E71633A8DB0A9B5046A3EB08080B
:10952000344B594603EBC808D8E90023F7F708F98C
:109530005DE70023504659461E462F4F2411012C4B
:1095400021DC0BB182468B462B49ABF1547B01EBFE
:10955000C6015246D1E900015B46F6F7C7FF234B2F
:109560000A460B40254982468B4298D8A1F58011C6
:109570008B4286BF4FF0FF3ADFF884B002F1547B94
:109580000023089376E0E20704D5D7E90023F6F735
:10959000ADFF0123013664100837D0E7F0D06442F4
:1095A00014F00F020AD0134B504603EBC203594686
:1095B000D3E90023F7F7C4F882468B462411DFD0A5
:1095C0001F2C1FDD0024A046A1460B942223059AE0
:1095D0004FF0000A4FF0000B13606BE743CA00081E
:1095E00068CB00083ACA00083DCA00080000F07FB6
:1095F00037CA0008F0CC0008C8CC00080000A07CE6
:10960000FFFFEF7F14F0100318BF6A235046089342
:1096100059460023774EE70704D5D6E90023F6F72D
:1096200065FF0123641006F10806F4D10BB18246F0
:109630008B46089BB3B1CBF30A52C2F16B03002BEC
:1096400059460FDD1F2B58DD342BD8BF4FF0FF33A9
:109650004FF0000ACFBF4FF05C7BC2F14B0293404A
:1096600003EA010B0022002350465946F7F7A6F9FA
:109670000028A7D10B9B4A4600930C992B460598CE
:1096800001F0B4FE0B9000283FF409AF0024099AC2
:109690000A9B002AA3EB0803A8BF0023A04612934D
:1096A00022EAE27316930B9B0598596801F0F6FDC8
:1096B000814600283FF4F7AE0B9B0C301A6903F18A
:1096C0000C0102329200FFF77CFB1CAB01931BAB39
:1096D000009352465B460598CDE90CAB02F0B2F917
:1096E0001A9000283FF4DFAE0121059801F014FF25
:1096F000804648B94FF00008D5E64FF0FF3202FA35
:1097000003F303EA0A0AADE71B9D1C9A002DABBFC9
:10971000129B169BEF185E1B089BA8BF169EA5EB1D
:1097200003051544344B05F1FF35B8BF129F9D4228
:10973000C2F1360250DA5B1B1F2B4FF00101A2EB86
:1097400003023DDC01FA03F3139300231093BD18C9
:10975000089BAF4216441E443B46A8BF2B46B3426B
:10976000A8BF3346002BC2BFED1AF61AFF1A129B90
:10977000002B16DD41461A46059801F085FF80460C
:109780000028B7D001461A9A059801F0DBFE0A902E
:1097900000283FF488AE1A99059801F0BFFD0A9B96
:1097A0001A93002D1DDC099B002B27DD4946169AD4
:1097B000059801F069FF814600BB4FF0000972E691
:1097C000C5F17F4505F57F0505F57B45E23501FAD5
:1097D00005F310931391BAE7002310930123139319
:1097E000B5E72A461A99059801F0A8FF1A900028B3
:1097F000D9D158E690CB000802FCFFFF002E07DD10
:1098000049463246059801F099FF81460028D4D098
:10981000002F08DD41463A46059801F08FFF80464B
:1098200000283FF440AE4A461A99059802F00EF817
:10983000044600283FF437AEC36841460F93002327
:10984000C36001F0E7FF00283DDA0F9B53EA0A03EB
:1098500063D1CBF31303002B5FD12BF000431B0D1F
:109860001B05B3F1D66F58D9636913B92369012B6E
:1098700053DD21460122059801F060FF4146044670
:1098800001F0C8FF002848DD2BF00043089A1B0DAB
:109890001B05002A62D0B3F1D66F5FD8B3F15C7FAD
:1098A0007FF694AE50465946A34B0022F6F71EFEB3
:1098B000A24B82460B408B46002B7FF4FFAD222348
:1098C000059A1360FAE5CDF828B065D10F9ACBF36D
:1098D00013035AB39A4A93422BD1089B514603B3C0
:1098E0005A46964B1340B3F1D46F4FF0FF321BD85A
:1098F0001B0DC3F16B0302FA03F3994219D1914B8B
:109900000A9A9A4202D101313FF4CDAD4FF0000ADC
:109910008A4B0A9A1A4002F5801B089B002BC1D182
:10992000CCE54FF0FF33E8E71346E6E753EA0A03D6
:10993000AAD0109BDBB10A9A1342EED00F9B50467F
:109940005946089ABBB1FFF76BFB02460B46DDE9AF
:109950000C01F6F715FC82468B46DEE7A3F5801373
:109960006FEA135B4FF0FF3A6FEA0B5BD5E7139B8F
:1099700013EA0A0FE1E7FFF753FB02460B46DDE966
:109980000C01F6F7FBFB0022002382468B46F7F71B
:1099900015F80028C1D019E64146204602F0AAF881
:1099A00000224FF0804306460F46F7F71BF80028C9
:1099B0006DD00F9B002B78D1BAF1000F56D10A9BC6
:1099C000C3F31303002B58D10022304639465E4BB7
:1099D000F6F7FEFF002857D13046394600225B4B90
:1099E000F6F784FD06460F4607F1004306960793F7
:1099F000DDE90623514DCDE910230A9B1D40544B50
:109A00009D4240F0AB800A9B5046A3F1547B5946DF
:109A100001F0B0FFDDE90623F6F768FD52465B462C
:109A2000F6F7AEFB0B4645494A4A19409142824639
:109A300042D90D9A434B9A4203D10C9B01333FF418
:109A400032AD4FF0FF3ADFF8FCB01A99059801F0FB
:109A500065FC4946059801F061FC4146059801F016
:109A60005DFC2146059801F059FC1CE6BAF1010F96
:109A700003D10A9B002B3FF4A9AD0022364B0026F0
:109A8000CDE90623304FB3E70026304FACE7304630
:109A900039462E4B0022F6F729FD0F9B06460F464E
:109AA000002BA1D0CDE90667A2E70022264B16467F
:109AB0001F46CDE906239BE703F1547B089BCDF8B5
:109AC00028B0002BC1D12BF000431B0D1B059D427C
:109AD000BBD130463946F7F79FF8F6F7D9FC024676
:109AE0000B4630463946F6F749FB0B460246CBF3A8
:109AF0001306CDE90C230F9B46EA0A061E436AD0E3
:109B000009A3D3E90023F6F763FF00287FF4D6AC5E
:109B100007A3D3E90023DDE90C01F6F777FF00285E
:109B200093D0CBE4AFF300809535A094FFFFDF3FE7
:109B300035E5AF350000E03F000050390000F07F10
:109B4000FFFF0F00FFFFEF7F0000F03F0000E03F4E
:109B50000000E07FFFFF9F7C0000F0BF089B23B365
:109B6000B5F1D46F21D828A3D3E900233046394674
:109B7000F6F738FFA0B139463046F6F767FF0128FF
:109B800038BF0120F6F738FC0F9B06460F46FBB99D
:109B900001F1004314901593DDE91423CDE910235E
:109BA000119B03F1D6635B1B1193DDE90C01DDE929
:109BB00010AB01F0DFFE02460B4650465946F6F761
:109BC00095FCDDE90C23F6F7DBFA82468B4675E758
:109BD000CDE91467E0E70EA3D3E90023F6F7F8FE1A
:109BE0009DE700230E93199B179A1360FFF779BA2C
:109BF000652A3FF472AB452A3FF46FAB0123FFF7B0
:109C0000AABB00BFAFF300800000C0FFFFFFDF4131
:109C10009535A094FFFFCF3F014BFFF725BA00BF5A
:109C20006C000020242B2DE9F0478646904601D891
:109C3000012B06D1FFF798F8162303600020BDE83A
:109C4000F0870D4633482A4615F8014B065D16F09D
:109C50000806F8D12D2C10D101262C78951C33F054
:109C6000100215D1302C0DD12A7802F0DF02582ACB
:109C700008D16C78023510230AE02B2C04BF2C7815
:109C8000951CECE7002BF6D1302C14BF0A230823D7
:109C9000002206F1004C0CF1FF3CBCFBF3F910462E
:109CA00003FB19CAA4F13007092F0FD83C46A34281
:109CB0001BDD571C07D0814514D301D1A24511DB10
:109CC000012200FB034015F8014BEBE7A4F141072B
:109CD000192F01D8373CEAE7A4F16107192F04D8FE
:109CE000573CE4E74FF0FF32EDE7531C08D1222345
:109CF0006046CEF80030B8F1000FA0D0691E06E033
:109D000006B14042B8F1000F99D0002AF6D1C8F848
:109D1000001094E7B9CB0008FFF784BF2DE9F047A6
:109D20001F468E688246BE420C4690460B682DD870
:109D3000B1F90C2012F4906F26D06569096905EB22
:109D40004505A3EB010905EBD5757B1C4B446D1054
:109D50009D4238BF1D46530527D52946FFF7D4F845
:109D6000064660B34A462169FFF72BF8A38923F41E
:109D7000906343F08003A38126614E4426603E46F3
:109D80006561A5EB0905A560BE4200D93E46324695
:109D90004146206800F0EFFE0020A3689B1BA360F3
:109DA000236833442360BDE8F0872A4601F016FF9C
:109DB00006460028E0D150462169FFF733F80C230E
:109DC000CAF80030A3894FF0FF3043F04003A3816D
:109DD000E9E700002DE9F04F98468B8907461B06FE
:109DE0000D4614469DB010D50B6973B94021FFF79D
:109DF0008BF82860286130B90C233B604FF0FF30AE
:109E00001DB0BDE8F08F40236B6100230993202330
:109E10008DF8293030234FF00109CDF80C80DFF8A0
:109E200098818DF82A3023469A4613F8012B0AB1FF
:109E3000252AF9D1BAEB040B0BD05B462246294602
:109E40003846FFF76BFF013000F0A780099A5A44AB
:109E500009929AF80030002B00F09F8000234FF009
:109E6000FF32CDE905230AF1010A049307938DF827
:109E700053301A935446052214F8011B4E4800F043
:109E8000A5FE049AD8B9D00644BF20238DF85330DC
:109E9000110744BF2B238DF853309AF800302A2B3A
:109EA00015D0544600204FF00A0C079A214611F8AD
:109EB000013B303B092B4BD9B0B1079214E0A0EB2A
:109EC000080309FA03F31343A2460493D2E7039B62
:109ED000191D1B680391002BBBBF5B4242F00202BD
:109EE00007930793B8BF049223782E2B0AD1637887
:109EF0002A2B32D1039B02341A1D1B68039243EABA
:109F0000E3730593DFF8B4A003225046217800F0F4
:109F10005DFE38B14022049BA0EB0A00824013434F
:109F20000134049314F8011B062225488DF82810EB
:109F300000F04CFE002836D0224B1BBB039B07339E
:109F400023F0070308330393099B334409936AE71B
:109F50000C4601200CFB0232A8E700234FF00A0C4C
:109F6000194601340593204610F8012B303A092A8E
:109F700003D9002BC6D00591C4E7044601230CFB8E
:109F80000121F0E703AB00932A4638460E4B04A9A3
:109F9000AFF30080421C0646D6D1AB895B063FF585
:109FA0002DAF09982CE703AB00932A463846064BA1
:109FB00004A900F04BFAEDE746CA00084CCA0008B5
:109FC00050CA0008000000001D9D000838B54B1C59
:109FD000144603D14FF0FF35284638BD9389CDB2E2
:109FE00023F020039381636B52688BB1A36B934280
:109FF00008DD23685A1E226003F8015C63680133A0
:10A000006360E9E7214600F07EFD0028F1D0E1E73A
:10A010002169236851B1994208D213F8011CA94261
:10A0200004D1013B013223606260D5E7C4E90F32FD
:10A0300004F1440363630323A363234603F8465FE9
:10A0400023600123DCE710B50C46496B69B104F1CC
:10A050004403994201D0FEF7E5FE0020236C6063C3
:10A06000636013B1E36B236010BD23694FF0FF30D1
:10A07000236000236360A38943F02003A381F3E7F7
:10A080002DE9F04F0C4600210646ADF5237DCDE9C4
:10A090004411AB490DF10408A091AA49AA4FCDF88B
:10A0A0001881A191009392F80090B9F1000F00F08F
:10A0B000598117F80930551C13F0080319D063684B
:10A0C000002B0FDD23681A78BA5C120701D42A46E8
:10A0D000E9E7459A01330132459262682360013A0B
:10A0E0006260ECE721463046A19B98470028E9D002
:10A0F000EDE7B9F1250F40F0868041934393537803
:10A100002A2B04BF1023951C4FF00A0208BF41936D
:10A11000AA461AF8011BA1F13003092B1ED9DFF85A
:10A120002CB20322584600F051FD38B101235546A8
:10A13000419AA0EB0B0083401343419315F8013B78
:10A14000782B06D8572B10D8252B5CD056D8002B4F
:10A1500074D0032347930A23429387E0439B5546D9
:10A1600002FB031130394391D2E7A3F15802202AB0
:10A17000EFD801A151F822F04BA2000853A100082A
:10A1800053A10008A5A2000853A1000853A100088C
:10A1900053A1000853A1000853A1000853A10008CF
:10A1A00053A10008BBA20008A1A2000803A2000856
:10A1B00003A2000803A2000853A100085DA2000842
:10A1C00053A1000853A1000853A1000853A100089F
:10A1D000CBA2000865A2000843A2000853A1000812
:10A1E00053A10008C7A2000853A10008A1A20008BB
:10A1F00053A1000853A100084BA20008453B022BC5
:10A20000A7D8052331E06368002B0DDD23681A7899
:10A210004A4540F0A780013362682360459B013ABC
:10A2200001336260459352E721463046A19B98472F
:10A230000028EBD04498002840F08C804FF0FF308D
:10A240008CE0419A42F020024192419A42F400721D
:10A25000419210226E2B429202D905E000234293D4
:10A26000032302E008234293042347936368002BEF
:10A2700039DD419B590604D423681A78BA5C120769
:10A2800038D4479B022B47DC6B462246304641A917
:10A2900000F0FAF9012865D002287FF418AFC9E769
:10A2A0000A22D7E72946404600F0F4FB419B0546C9
:10A2B00043F0400341930123D7E7419B43F0400320
:10A2C00041930023D1E70223CFE74198C3063FF52E
:10A2D000FEAE009B459A191D00911B68C0074CBF3C
:10A2E0001A801A60F3E621463046A19B9847002861
:10A2F000BFD09FE7459A013245926268013A002A31
:10A30000626002DD01332360B6E721463046A19B3F
:10A3100098470028B0D08DE7042B06DC6B46224618
:10A32000304641A900F00AFAB4E7094B002B3FF48C
:10A33000CEAE6B462246304641A9FEF765F8A9E746
:10A34000CD9F000847A00008B9CB00084CCA000800
:10A3500009840008A3895B063FF570AF0DF5237DE6
:10A36000BDE8F08F4498F9E72DE9F0471646984686
:10A370008A680B6907469342B8BF1346336091F869
:10A3800043200C46DDF820900AB101333360236886
:10A39000990642BF336802333360256815F006051D
:10A3A00006D104F1190AE36832689B1AAB422BDC30
:10A3B00094F843302268003B18BF0123920630D442
:10A3C0004146384604F14302C847013023D0236890
:10A3D000226903F00603042B14BF002533684FF0F5
:10A3E000000608BFE56804F11A0408BFED1A54F826
:10A3F000123C08BF25EAE5759342C4BF9B1AED18CD
:10A40000B5421AD1002008E00123524641463846A1
:10A41000C847013003D14FF0FF30BDE8F087013568
:10A42000C1E73020E11881F843005A1C94F8451028
:10A430002244023382F84310C2E7012322464146F8
:10A440003846C8470130E6D00136D9E72DE9FF4745
:10A450000F7E9146782F80460C469A460C9E01F15D
:10A46000430207D8622F0AD8002F00F0D180582F5E
:10A4700000F0B88004F1420684F842703AE0A7F197
:10A480006303152BF6D801A151F823F0E5A40008C9
:10A49000F9A4000875A4000875A4000875A40008B4
:10A4A00075A40008F9A4000875A4000875A40008A4
:10A4B00075A4000875A40008F7A5000823A50008E6
:10A4C000B1A5000875A4000875A4000819A6000825
:10A4D00075A4000823A5000875A4000875A4000849
:10A4E000B9A5000833681A1D1B68326004F14206E2
:10A4F00084F8423001239CE033682068191D3160E4
:10A50000060601D51D6803E04506FBD5B3F90050EA
:10A51000002D03DA2D236D4284F843300A23584876
:10A5200011E021683368080653F8045B02D4490639
:10A5300048BFADB26F2F336014BF0A2308235048C1
:10A54000002184F843106668002EA66005DB2168B0
:10A550002E4321F0040121604BD01646B5FBF3F1E8
:10A5600003FB1157C75D06F8017D2F46BB420D4620
:10A57000F4D9082B0BD12368DF0708D5236961685C
:10A580009942DEBF302306F8013C06F1FF36921BEC
:10A5900022614B4621464046CDF800A003AAFFF7B2
:10A5A000E3FE01304AD14FF0FF3004B0BDE8F08740
:10A5B000236843F0200323607827324884F84570ED
:10A5C000236831681F0651F8045B02D45F0648BF58
:10A5D000ADB23160D90744BF43F0200323601DB101
:10A5E0001023ADE72648E9E7236823F02003236022
:10A5F000F6E71646BDE733682568181D61693060C7
:10A600002E061B6801D5196002E06806FBD519808B
:10A61000002316462361BCE7336800211A1D32600F
:10A620001E686268304600F0D1FA08B1801B606095
:10A6300063682361002384F84330AAE73246494621
:10A6400040462369D0470130ADD023689B0713D41F
:10A65000E068039B9842B8BF1846A6E7012332463C
:10A6600049464046D04701309DD00135E368039903
:10A670005B1AAB42F2DCEBE7002504F11906F5E7C3
:10A6800057CA000868CA00082DE9F84315468A68C9
:10A6900080460C4632B98A69002A14BF4FF0FF3257
:10A6A00001228A6000272268DFF88C90D1065FBF04
:10A6B0001A68111D19601668A06988B1012807D1B0
:10A6C0002B681A7863699B5C53B9002F31D022E064
:10A6D000022820D12B681B7819F803301B071AD4E5
:10A6E00023680137DA065EBF2B681B7806F8013B4A
:10A6F0002A686B6801322A60A268013B013A6B60EC
:10A70000A26042B1002BD7DC29464046D4F8803104
:10A7100098470028D0D0236813F0100305D1E268D1
:10A720000132E260A26902B13370002023693B4428
:10A730002361BDE8F88300BFB9CB00082DE9F04FD5
:10A740000C469846724B87B08246164693E807003F
:10A7500003AB83E807006F4BA1696F4A27460329C3
:10A7600008BF1A46A36801925A1EB2F5AE7F81BF98
:10A770006FF4AE7503EB050940F25D13A36057F863
:10A780001C3B98BF4FF000093D464FF0000B43F4CF
:10A7900050632360316803AB0222097853F82B0021
:10A7A00000F014FA28B3BBF1010F59D162682AB93D
:10A7B00008212268616042F400722260226822F45B
:10A7C000A0622260A268511EA16092B13268511C41
:10A7D0003160127805F8012B7268013A002A726024
:10A7E00007DC31465046D4F880219047002840F0DD
:10A7F00085800BF1010BBBF1030FCBD163680BB963
:10A800000A236360636845496069C91A00F042F928
:10A810004FF0000BA3682268002B3DD031686069BF
:10A8200091F800C010F80C00002835D0BCF1300FB2
:10A8300024D1100522D50BF1010BB9F1000F03D083
:10A84000013309F1FF39A3607368013B002B73608A
:10A850001BDD336801333360A368013BA360D9E794
:10A86000BBF1020FAED1226802F4C061B1F5007FE6
:10A87000C4D1102142F480726160A2E722F4106218
:10A8800022600B7805F8013BDEE731465046D4F8EC
:10A89000803198470028DFD02368D9050DD5BD4207
:10A8A00009D915F8011C32465046D4F87C3105F11F
:10A8B000FF3998474D46BD4228D0226812F0100259
:10A8C00013D12A70394663685046019EB047D8F8C4
:10A8D000003021681A1DC8F8002011F0200F1B68F5
:10A8E0000FD01860E3680133E36000202369ED1B9B
:10A8F0005D442B44236107B0BDE8F08F4FF0000B9F
:10A90000CAE7CA074CBF18801860EBE70120F2E7DE
:10A9100008C90008199D000815BD000889CA00086B
:10A92000B1F90C20F8B5160705460C4654D44B680F
:10A93000002B02DC0B6C002B48DDE66A002E45D0B4
:10A94000002312F480522F68216A2B6030D0626D90
:10A95000A389590705D56368D21A636B0BB1236CC1
:10A96000D21A00232846E66A216AB047431CA3890D
:10A9700006D129681D292BD8284ACA40D60727D5D1
:10A98000002262602269D904226004D5421C01D1F0
:10A990002B6803B96065616B2F60B9B104F14403A2
:10A9A000994202D02846FEF73DFA002363630DE08A
:10A9B00001232846B0470246501CC9D12B68002B02
:10A9C000C6D01D2B01D0162B1DD12F60002021E0F9
:10A9D00043F040031BB21AE00F69002FF6D0930733
:10A9E00018BF00230E6808BF4B69F61B0F608B6011
:10A9F000002EEBDD33463A462846216AD4F828C0BB
:10AA0000E047002807DCB4F90C3043F040034FF076
:10AA1000FF30A381F8BD0744361AE9E70100402062
:10AA200038B50B6905460C4613B90025284638BDD4
:10AA300018B1036A0BB9FDF77DFFB4F90C30002B98
:10AA4000F3D0626ED00704D4990502D4A06DFEF74E
:10AA5000B6F928462146FFF763FF636E0546DA071D
:10AA6000E4D4A3899B05E1D4A06DFEF7A9F9DDE745
:10AA70000EB403B5014603AB054853F8042B006838
:10AA8000019301F07DF902B05DF804EB03B070476B
:10AA90001C00002070B50B7804465E2B0BBF4B7872
:10AAA0004A1C8A1C002108BF0121013804F1FF055E
:10AAB00000F8011FA842FBD10BB9501E70BD81F0F8
:10AAC00001011046E154024612F8015B2D2D05D01C
:10AAD0005D2D16D0002DF1D02B46F2E746785D2E85
:10AAE000FAD0B342F8DC1A46023001329642A15441
:10AAF000FBDCF21A013AB342A8BF00225D1CAB187E
:10AB0000E1E71046DAE72DE9F0410C46496B04F124
:10AB1000440399421BD14FF48061FEF7F5F918B94F
:10AB20004FF0FF30BDE8F0814FF48063A36394F8E9
:10AB30004630606380F8FF3394F8453000F2FD3012
:10AB4000437094F84430037020600020EAE7A66B5D
:10AB500077003A4601F042F805460028E0D000EBC5
:10AB60000608014632464046FEF72BF9C4E90D5768
:10AB7000C4F80080E9E7884210B501EB020402D96D
:10AB80008442234607D8431EA14208D011F8012B66
:10AB900003F8012FF8E7014602448A4200D110BDB4
:10ABA00013F8014D02F8014DF7E7000038B5002316
:10ABB000054D044608462B60F7F76CFE431C02D196
:10ABC0002B6803B1236038BD04210020034610B573
:10ABD000C9B202449342184601D1002003E0047830
:10ABE00001338C42F6D110BD00200149704700BFEF
:10ABF0000000F87F062008B501F096FA0120F7F76B
:10AC0000D4FD03692DE9F043B3EB611F00F1140497
:10AC10004FEA611246DD11F01F0104EB830604EBDD
:10AC200082050CD1294600F11007B14235D39B1A99
:10AC30009B00EA1E964238BF0023234415E0A1463C
:10AC400054F82270C1F12008CF4005F1040E76457A
:10AC5000F44616D89A1A9200043A0135AE4238BF2B
:10AC60000022A318A75007B10433A342A3EB0402A8
:10AC700008BF00234FEAA202026108BF4361BDE89A
:10AC8000F083DCF800C00CFA08FC4CEA070749F82E
:10AC9000047B5EF8047BCF40D9E751F804CB47F83A
:10ACA00004CFC2E72346E0E7A0F13003092B02D826
:10ACB0002038C0B27047A0F16103052B01D8473896
:10ACC000F7E7A0F14103052B01D82738F1E7002071
:10ACD000704700002DE9F04F8A46904685B00293F8
:10ACE0000B6801909C1CA14614F8010B3028FAD087
:10ACF000A9EB0303A3F1020BFFF7D6FF05460028DB
:10AD000068D1012248469F49FDF7F2FE0746002818
:10AD100067D199F801002646FFF7C6FF002862D0E8
:10AD2000234618789946302803F10103F9D0FFF73C
:10AD3000BBFFB0FA80F54FF0010B6D094A4616468D
:10AD400030780132FFF7B0FF0028F8D101223046F9
:10AD50008C49FDF7CDFE00283FD144B9741C224632
:10AD6000164630780132FFF79FFF0028F8D1A41B68
:10AD7000A700337803F0DF03502B3ED173782B2BE1
:10AD800033D02D2B34D00024711C0878FFF78CFFB2
:10AD9000431EDBB2182B30D8A0F1100211F8010FBE
:10ADA000FFF782FF00F1FF3C5FFA8CFCBCF1180F4B
:10ADB0004FF00A031ED904B152421744CAF80010DA
:10ADC000EDB1BBF1000F0CBF06250025284605B0EC
:10ADD000BDE8F08F00252C46B0E7002CC7D12746F0
:10ADE000C7E74E462F460125C3E70024B11CCCE738
:10ADF0000124FBE703FB0200CEE73146DEE72946EC
:10AE0000A6EB0903013B072B0ADC019800F046FA88
:10AE1000044640B90246E4215B4B5C48FDF7E4FF81
:10AE200001315B10EFE7002300F1140A55469B4601
:10AE3000B14537D345F804BBA5EB0A05AD10256134
:10AE4000584600F01DFB6D01D8F800602D1AB54280
:10AE500054DDAD1B2946204600F09FFE814678B1A7
:10AE60004FF001096B1E59115AF8211003F01F020F
:10AE700009FA02F20A4203D04B4536DC4FF00209D0
:10AE800029462046FFF7BDFE2F44D8F80830BB42C4
:10AE900042DA2146019800F041FA00230E9AA325D8
:10AEA000136093E716F8012D2E2A12D0202B04D11F
:10AEB00045F804BB4FF0000B5B4630780393FFF777
:10AEC000F3FE039B00F00F0098404BEA000B0433A5
:10AED000AEE7B145EAD8012230462A490393FDF78F
:10AEE00007FE039B0028E1D1A2E72046A91E00F03F
:10AEF00054FE0028C2D04FF00309C1E709DA751BE0
:10AF000021462A46019800F019FC04467F1B00F1F7
:10AF1000140A4FF00009B8E7D8F80450BD426FDDBD
:10AF2000ED1BAE4234DCD8F80C30022B22D0032BC0
:10AF300024D0012B15D1AE4213D1012E0BD1D8F85C
:10AF40000430029A6225136001232361CAF800309D
:10AF50000E9B1C603AE72046711E00F01EFE002882
:10AF6000EDD12146019800F0D9F900230E9A502521
:10AF700013602BE70F9B002BF3D1E0E70F9B002B17
:10AF8000DDD1EEE738CA00089CCA0008ADCA000847
:10AF90006F1EB9F1000F30D127B13946204600F0BD
:10AFA000FCFD814601232946761B02257A115AF8B9
:10AFB000222007F01F07BB401342204618BF49F06C
:10AFC0000209FFF71EFED8F80470B9F1000F47D050
:10AFD000D8F80C30022B15D0032B17D0012B09D138
:10AFE00019F0020F06D0DAF8003049EA030919F027
:10AFF000010F0ED145F0100532E04FF00109D1E705
:10B000000125E2E70F9BC3F101030F930F9B002B78
:10B01000F0D04FF0000CD4F810B004F114034FEA54
:10B020008B0A03EB8B01184653F8042BB2F1FF3F58
:10B030001BD001320260022D04F114033CD1D8F878
:10B040000020013AB24209D10122711153F8213096
:10B0500006F01F0602FA06F61E423AD145F0200518
:10B060000E9B1C60029B1F60B0E6994243F804CC23
:10B07000D9D8A3689B4517DB61680198013100F0BE
:10B080000DF9814618B902468421194BC5E622699B
:10B0900004F10C01023292000C30FDF792FE2146C1
:10B0A000019800F03BF94C4623695A1C22610122A9
:10B0B00004EB83035A61BEE722695A450BDD012187
:10B0C0002046FFF79EFDD8F808300137BB42FFF657
:10B0D000E0AE0125C2E716F01F06FAD0534453F83C
:10B0E000040C00F0CDF9C6F12006B042E7DBF0E732
:10B0F0009CCA0008C2F10802920070B5C2F1200695
:10B100004368046803FA06F52C43D340046040F812
:10B11000043F8842F4D370BD30B50368013311F8A1
:10B12000014B14B90360012030BD13F8012BA2F1CB
:10B130004105192D98BF2032A242F0D00020F3E73C
:10B140002DE9F04F00250B6882465E1102EB860662
:10B1500013F01F0318BF0436371F9046B9463C460C
:10B16000AB4687B00168019346F8045C02954A78C3
:10B170004B1C039342B3104605910492FFF794FDD4
:10B18000002851D1049A0599202A18D8029B9B4582
:10B1900013DD4C4506D2072D04DC2A4649462046DD
:10B1A000FFF7A8FF444552D90023A4F1040944F84D
:10B1B000043C1D464C46CDF808B00399D7E7292A30
:10B1C00057D10231CAF80010BBF1000F51D04C45E5
:10B1D00006D2072D04DC2A4649462046FFF78AFF9F
:10B1E000444536D92346A8F1040253F8041B9F4274
:10B1F00042F8041FF9D23B1B23F00303043301344C
:10B20000033EB44288BF04230022434443F8042B86
:10B210009F42FBD23B681BB9474528D101233B60C5
:10B22000052007B0BDE8F08F0135082D0BF1010BAB
:10B2300006DD4445C1D90023012544F8043C043C03
:10B24000226800F00F0040EA02102060B5E70825F0
:10B25000B3E7019B002BDDD04FF0FF32C3F1200399
:10B26000DA4056F8043C134046F8043CD2E7043F69
:10B27000D0E70420D5E782B001B901A942B14BB1B2
:10B2800013780B601278101E18BF012002B07047AF
:10B290001046FBE76FF00100F8E7000070B5C669E3
:10B2A00004460D4676B91020FDF704FE0246E06123
:10B2B00020B96B21174B1848FDF796FDC0E90166D0
:10B2C0000660C660E669F36883B1E369DB6853F83A
:10B2D0002500B8B9012101FA05F6721D2046920039
:10B2E00000F03EFF60B1C0E901560EE021220421CA
:10B2F000204600F035FFE369F060DB68002BE4D105
:10B30000002070BD026843F825200023C0E9033304
:10B31000F7E700BF8BC900080DCB000870B5C66900
:10B3200005460C4676B91020FDF7C4FD0246E861DB
:10B3300020B98F21084B0948FDF756FDC0E9016689
:10B340000660C6603CB1EB696268DB6853F82210A6
:10B35000216043F8224070BD8BC900080DCB000866
:10B360002DE9F04107460C461E4600200D6901F10B
:10B37000140CDCF80030013099B202FB01611E0CA4
:10B380000B0C02FB063389B201EB034185424FEA05
:10B3900013464CF8041BECDC0EB3A368AB4219DC7B
:10B3A000616838460131FFF779FF804628B90246C7
:10B3B000BA210C4B0C48FDF717FD226904F10C0172
:10B3C000023292000C30FDF7FCFC21463846FFF7B4
:10B3D000A5FF444604EB850301355E6125612046E7
:10B3E000BDE8F0819CCA00080DCB00082DE9F843A8
:10B3F000154609221F4608330C4693FBF2F3064616
:10B40000012200219A4209DB3046FFF747FF40B98D
:10B410000246D321184B1948FDF7E6FC52000131D2
:10B42000F0E7089B092D43614FF00103036116DD2E
:10B4300004F10909C8462C4418F8013B01460A22C8
:10B440003046303BFFF78CFFA045F5D1A5F108044D
:10B450004C442D1B6319BB4204DBBDE8F88309256E
:10B460000A34F6E714F8013B01460A223046303B25
:10B47000FFF776FFEEE700BF9CCA00080DCB00087F
:10B480000346B0F5803F3ABF030410200020B3F11B
:10B49000807F3CBF1B020830B3F1805F3CBF1B01C3
:10B4A0000430B3F1804F3CBF9B000230002B05DB22
:10B4B00013F0804F00F1010008BF2020704703689F
:10B4C000024613F007000BD0D90721D4980749BFD3
:10B4D0005B089B08012013605CBF0220136070476B
:10B4E00099B209B910201B0CD9B209B908301B0A4E
:10B4F000190704BF1B090430990704BF9B080230D9
:10B50000D90703D45B0800F1010003D01360704732
:10B51000002070472020704710B50C460121FFF72E
:10B52000BDFE024628B940F24511044B0448FDF720
:10B530005BFC01234461036110BD00BF9CCA00088D
:10B540000DCB00082DE9F04F17460A693B69894683
:10B550009A42A2BF3B460F4699463D69D9F810A0D2
:10B56000BB68796805EB0A06B34285B0B8BF013104
:10B57000FFF794FE30B902464FF4B171404B414899
:10B58000FDF732FC00F114042346002204EB860E82
:10B59000734520D307F1140809F1140108EB850560
:10B5A00001EB8A030293EB1B153B23F003030433E7
:10B5B0001537BD4238BF04230193029B03918B4290
:10B5C0000CD8002E03DD5EF8043D002B55D006613B
:10B5D00005B0BDE8F08F43F8042BD9E7B1F800A01F
:10B5E000BAF1000F1FD0C446A14600275CF8042B17
:10B5F000D9F800301FFA82FB9BB20AFB0B333B44A5
:10B60000D9F80070120C3F0C0AFB027202EB1342D5
:10B610009BB243EA024365454FEA124749F8043BAF
:10B62000E4D8019BE750039B0431B3F80290B9F1D1
:10B63000000F20D04746A4464FF0000A2368B7F811
:10B6400000B0BCF802209BB209FB0B22524443EA33
:10B6500002434CF8043B57F8043B4FEA134ABCF84A
:10B660000030BD4209FB0A3303EB12434FEA134A91
:10B67000E5D8019AA35004349FE7013EA1E700BF3B
:10B680009CCA00080DCB00082DE9F843154612F0BE
:10B69000030207460E4607D0254C013A002354F812
:10B6A0002220FFF75DFE0646AD103DD0FC697CB957
:10B6B0001020FDF7FFFB0246F86128B940F2B311F4
:10B6C0001C4B1D48FDF790FBC0E901440460C460B9
:10B6D000D7F81C80D8F808404CB940F271213846A0
:10B6E000FFF71AFF00230446C8F8080003604FF074
:10B6F0000009EB070AD5314622463846FFF722FFFC
:10B70000804631463846FFF709FE46466D100BD09D
:10B71000206838B9224621463846FFF713FF2060DB
:10B72000C0F800900446E4E73046BDE8F88300BF67
:10B73000BCCC00088BC900080DCB00082DE9F047F0
:10B740000C46074691462369496803EB6218A368D3
:10B750004FEA621A08F10106B3420BDB3846FFF7E5
:10B760009DFD054648B902464FF4EF71274B284826
:10B77000FDF73AFB01315B00EEE7002300F1140115
:10B7800000F110021846534533DB20692AEAEA7AB1
:10B7900004F1140319F01F0901EB8A0103EB800C7B
:10B7A0002BD08A460022C9F1200E186800FA09F051
:10B7B00010434AF8040B53F8042B9C4522FA0EF26E
:10B7C000F3D8ACEB0403153B23F00303043304F17B
:10B7D0001500604588BF0423CA500AB108F102066B
:10B7E000013E384621462E61FFF798FD2846BDE808
:10B7F000F08742F8040F0133C5E7043953F8042BEE
:10B800009C4541F8042FF9D8EAE700BF9CCA00081C
:10B810000DCB000803460A69006930B5801A0ED1C5
:10B820001433143103EB820401EB820154F8045DFC
:10B8300051F8042D954203D005D24FF0FF3030BDB2
:10B84000A342F3D3FBE70120F9E700002DE9F74F0E
:10B8500089460646114648461446FFF7DBFF051E9B
:10B8600012D129463046FFF719FD024628B940F2A9
:10B8700037213E4B3E48FDF7B7FA0123C0E90435B6
:10B88000104603B0BDE8F08FBCBF4B46A146304622
:10B89000D9F80410BABF1C4601250025FFF7FEFCAD
:10B8A000024618B940F24521304BE3E700F1140B92
:10B8B000D9F8107009F11003C5604FF0000C09F1C0
:10B8C0001405D946266904F1140E05EB87080EEB22
:10B8D00086060193019B5EF8040B53F804AF81B216
:10B8E00001931FFA8AF35B1A000C6344C0EB1A4001
:10B8F00000EB23409BB243EA004376454FEA204CDD
:10B9000049F8043BE6D8331B153B23F003031534F9
:10B910000433A64238BF04231D445B441E462C4614
:10B9200044450ED308F10301491B21F00301033DF7
:10B93000A84538BF00210B4453F8041D99B1176185
:10B940009EE7E64654F8041B1FFA81FCF444080CF9
:10B95000714400EB2C4089B241EA00414FEA204C8F
:10B9600046F8041BDCE7013FE6E700BF9CCA00087D
:10B970000DCB00080E4B0B40A3F15073002B08DCDD
:10B980005B42B3F1A07F4FEA235204DA4FF4002365
:10B990001341002208E0A2F114031E2BD6BF4FF082
:10B9A00000420122DA40002319461046704700BFCA
:10B9B0000000F07F0269F8B500F1140606EB820280
:10B9C00052F8044C1E4F2046FFF75AFD0346C0F1C3
:10B9D00020000A2BA2F10405086012DCAE422CBF45
:10B9E000002252F8082CC3F10B0C153324FA0CFE7C
:10B9F00004FA03F322FA0CF24EEA07011A43104646
:10BA0000F8BDAE4236BFA2F10805002252F8082C5C
:10BA10000B3B12D0C3F1200722FA07F19C400C43E4
:10BA2000B54244F07F5194BF002455F8044C9A402D
:10BA3000FC4041F440112243E1E744EA0701DEE71C
:10BA40000000F03F2DE97343012190469946089E7E
:10BA5000FFF724FC044630B9024640F20F31234B75
:10BA60002348FDF7C1F9C9F30A55C9F313030DB112
:10BA700043F480130193B8F1000324D06846009387
:10BA8000FFF71DFDDDE90012D8B1C0F1200302FA75
:10BA900003F30B43C24063610192019B002B0CBF77
:10BAA00001220222A3612261ADB1A5F23345054412
:10BAB0003560C0F13500099B1860204602B0BDE832
:10BAC00070836161E9E701A8FFF7F9FC019B01229E
:10BAD00063612030E7E7A0F2324004EB820330607C
:10BAE0001869FFF7CDFCC0EB4210E4E79CCA0008E0
:10BAF0000DCB00082DE9F04F85B0CDE9001002A96B
:10BB0000FFF758FF8B4606460F46009803A9FFF73C
:10BB100051FF0D46019B89461969009B04461B692C
:10BB20003046C91ADDE902329B1A03EB4113002BA0
:10BB3000CDBF3A462A46C3EB033302EB035BD8BFC3
:10BB400002EB03594B4622465946F4F7F9FD05B07E
:10BB5000BDE8F08F013970B549111469013102F166
:10BB6000140300EB810103EB8404051FA3420CD3F3
:10BB7000A31A113B23F003031132A24288BF002312
:10BB800018440023884205D370BD53F8046B45F870
:10BB9000046FEBE740F8043BF4E700F1140200699E
:10BBA0004B11984210B511DB0ADD11F01F0107D0CF
:10BBB00052F8234024FA01F000FA01F18C420BD133
:10BBC00002EB8303934203D8002010BD0346F7E73E
:10BBD00053F8041D0029F5D00120F6E72DE9F041C6
:10BBE000074614460D4621B91146BDE8F041FDF760
:10BBF0008BB92AB9FDF716F925462846BDE8F0812C
:10BC000000F0C2FA8442064602D8B4EB500FF4D8D2
:10BC100021463846FDF778F9804608B94546ECE7F5
:10BC2000B4422246294628BF3246FDF7CAF82946C3
:10BC30003846FDF7F7F8F1E72DE9F04386460D4663
:10BC4000334E284615F8014B375D17F00807F8D139
:10BC50002D2C10D101272C78851C33F0100015D124
:10BC6000302C0DD1287800F0DF00582808D16C78EE
:10BC7000023510230AE02B2C04BF2C78851CECE73E
:10BC8000002BF6D1302C14BF0A2308234FF0FF38C5
:10BC9000B8FBF3F8002603FB08F930466FEA090900
:10BCA000A4F1300CBCF1090F10D86446A3421EDD8C
:10BCB000B6F1FF3F07D0804516D301D1A14513DB74
:10BCC000012600FB034015F8014BE9E7A4F1410C04
:10BCD000BCF1190F01D8373CE8E7A4F1610CBCF1C5
:10BCE000190F04D8573CE1E74FF0FF36EBE7731C20
:10BCF00006D122233046CEF8003032B9BDE8F083B9
:10BD000007B14042002AF9D006B1691E1160F5E77B
:10BD1000B9CB0008FFF790BF0346084641B1FF2AA0
:10BD200004D98A224FF0FF301A60704701200A7050
:10BD30007047936810B4013B002B936007DA946955
:10BD4000A34201DB0A2902D110BC00F031B913680B
:10BD5000581C10601970084610BC7047F8B50646AC
:10BD60000F461446D518AC4201D1002007E03A46F0
:10BD7000304614F8011BFFF7DCFF431CF3D1F8BD7C
:10BD80002DE9F04F0D461446984606469DB018B171
:10BD9000036A0BB9FCF7CEFD6B6ED90705D4AB89EE
:10BDA0009A0502D4A86DFDF70AF8AB891B0701D5E7
:10BDB0002B699BB92946304600F038F970B16B6E9B
:10BDC000DC0704D54FF0FF301DB0BDE8F08FAB8924
:10BDD0009805F7D4A86DFCF7F3FFF3E70023099368
:10BDE00020238DF8293030234FF00109CDF80C8045
:10BDF000DFF8A8818DF82A3023469A4613F8012BE4
:10BE00000AB1252AF9D1BAEB040B0BD05B462246C6
:10BE100029463046FFF7A2FF013000F0A780099ABB
:10BE20005A4409929AF80030002B00F09F800023BA
:10BE30004FF0FF32CDE905230AF1010A049307937D
:10BE40008DF853301A935446052214F8011B5348B9
:10BE5000FEF7BCFE049AD8B9D10644BF20238DF862
:10BE60005330130744BF2B238DF853309AF800301A
:10BE70002A2B15D0544600204FF00A0C079A214671
:10BE800011F8013B303B092B4BD9B0B1079214E0BC
:10BE9000A0EB080309FA03F31343A2460493D2E785
:10BEA000039B191D1B680391002BBBBF5B4242F033
:10BEB000020207930793B8BF049223782E2B0AD16E
:10BEC00063782A2B32D1039B02341A1D1B6803921C
:10BED00043EAE3730593DFF8C8A0032250462178B4
:10BEE000FEF774FE38B14022049BA0EB0A008240AA
:10BEF00013430134049314F8011B062229488DF8DA
:10BF00002810FEF763FE00283FD0274B1BBB039B86
:10BF1000073323F0070308330393099B3B4409933A
:10BF20006AE70C4601200CFB0232A8E700234FF021
:10BF30000A0C194601340593204610F8012B303ABB
:10BF4000092A03D9002BC6D00591C4E70446012372
:10BF50000CFB0121F0E703AB00932A463046134B5C
:10BF600004A9AFF300800746781CD6D16B6ED907C1
:10BF700005D4AB899A0502D4A86DFCF721FFAB89E3
:10BF80005B063FF51FAF09981EE703AB00932A46F7
:10BF90003046064B04A9FEF759FAE4E746CA000802
:10BFA0004CCA000850CA0008000000005DBD00082F
:10BFB000F8B50E461446054618B1036A0BB9FCF7EE
:10BFC000B9FCA369A360A3891A0701D5236943B902
:10BFD0002146284600F02AF818B14FF0FF373846BE
:10BFE000F8BD23682269F6B2981A6369374683421E
:10BFF00005DC21462846FEF713FD0028EDD1A36895
:10C00000013BA36023685A1C22601E706269431CB6
:10C010009A4204D0A389DB07E1D50A2EDFD121465D
:10C020002846FEF7FDFC0028D9D0D6E738B5294BC5
:10C03000054618680C4618B1036A0BB9FCF77AFC80
:10C04000B4F90C30190722D4DA0607D409222A6081
:10C0500043F040034FF0FF30A38133E0580712D57F
:10C06000616B41B104F14403994202D02846FCF7C8
:10C07000D9FE00236363A38923F02403A381002353
:10C08000636023692360A38943F00803A3812369C4
:10C090004BB9A38903F42073B3F5007F03D0214685
:10C0A000284600F09EF8B4F90C3013F001020AD0D3
:10C0B0000022A26062695242A261226942B913F071
:10C0C0008000C5D138BD990758BF6269A260F4E706
:10C0D0000020F7E71C0000201F2938B505460C4654
:10C0E00004D9162303604FF0FF3038BDC26B12B184
:10C0F00052F821304BB9284600F030F8224601466C
:10C100002846BDE8384000F017B8012B0AD0591C6A
:10C1100003D1162303600120E7E70021204642F8FF
:10C12000241098470020E0E7024B01461868FFF70B
:10C13000D3BF00BF1C00002038B50023064D0446C5
:10C14000084611462B60F6F720FB431C02D12B68F2
:10C1500003B1236038BD00BF04210020F6F70EBBF9
:10C1600070B5A1FB025434B92946FCF7CDFE064652
:10C1700028B9304670BD0C2200260260F9E72A4635
:10C180002146FCF7A0FCF4E751F8043C181F002BF3
:10C19000BCBF0B58C018704770B50C46B1F90E10F3
:10C1A000154600291E4696B00CDAA389002113F02B
:10C1B000800F14BF40234FF48063002031602B6058
:10C1C00016B070BD6A4600F049F80028EDDB019911
:10C1D00001F47041A1F50053594259414FF4806375
:10C1E000EBE78B89F7B59D0706460C4607D504F1AA
:10C1F0004703236023610123636103B0F0BD6A46F6
:10C2000001ABFFF7C9FF009F054639463046FCF7F2
:10C210007BFE48B9B4F90C309A05EED423F0030341
:10C2200043F00203A381E2E7A389C4E9040743F0D2
:10C230008003A381019B20605BB13046B4F90E10EE
:10C2400000F01EF828B1A38923F0030343F0010393
:10C25000A381A3891D43A581CFE7000038B5002342
:10C26000064D0446084611462B60F6F7EDFA431CCE
:10C2700002D12B6803B1236038BD00BF0421002028
:10C2800038B50023054D044608462B60F6F7EBFA57
:10C29000431C02D12B6803B1236038BD0421002068
:10C2A000F8B500BFF8BC08BC9E467047F8B500BFA3
:08C2B000F8BC08BC9E46704773
:10C2B800504552203D202573000000005045522073
:10C2C80056414C494445202D2D3E204574617065EA
:10C2D8002073756976616E74650D0A0056616C6528
:10C2E800757220646966666572656E74652E204590
:10C2F8006E7472657A2061206E6F7576656175203F
:10C308006C6520504552E280AF3A0D0A00000000EB
:10C31800535453204E4F4B3A2056616C657572202A
:10C328004143435520686F727320706C61676520C4
:10C3380021210D0A00000000535453204E4F4B3A60
:10C348002056616C6575722042415420686F727383
:10C3580020706C6167652021210D0A005354532019
:10C368004F4B202D2D3E20457461706520737569F3
:10C3780076616E74650D0A0053545320696E7661B8
:10C388006C6964652E20436F72726967657A206CE8
:10C39800657320657272657572732063692D6465B3
:10C3A80073737573206574207265636F6D6D656E48
:10C3B80063657A206C652020746573740D0A00002B
:10C3C8004552524F523A204449502025642061205A
:10C3D8004F4E20210D0A00004F4B3A20444950206F
:10C3E80025642061204F4646200D0A00444950200C
:10C3F80061204F4646202D2D3E204F4B0D0A000050
:10C40800444950204E4F4B203A20546F7573206C8E
:10C4180065732044495073206E6520736F6E7420D5
:10C428007061732061204F46462C206D65747465D9
:10C438007A206C65732061204F464620657420720F
:10C448006170707579657A20737572206C652062E9
:10C458006F75746F6E2076616C696465720D0A0081
:10C468004552524F523A20444950202564206120B9
:10C478004F464620210D0A004F4B3A204449502090
:10C4880025642061204F4E200D0A000044495020A9
:10C4980061204F4E202D2D3E204F4B0D0A000000ED
:10C4A800444950204E4F4B203A20546F7573206CEE
:10C4B80065732044495073206E6520736F6E742035
:10C4C8007061732061204F4E2C206D657474657AFD
:10C4D800206C65732061204F4E2065742072617056
:10C4E800707579657A20737572206C6520626F7536
:10C4F800746F6E2076616C696465720D0A000000C5
:10C508004552524F523A20494E2025642061204F0F
:10C518004E210D0A000000004F4B3A20494E2025BD
:10C52800642061204F4646200D0A0000456E747253
:10C538006565732061204F4646202D2D3E204F4BC8
:10C548000D0A00004552524F523A20494E202564A8
:10C558002061204F4646210D0A0000004F4B3A202B
:10C56800494E2025642061204F4E200D0A0000000E
:10C57800456E74726565732061204F4E202D2D3EE7
:10C58800204F4B0D0A00000043656C6C756C6520EC
:10C598004A4F5552202D2D3E204F4B0D0A000000CA
:10C5A8004552524F523A204465666175742063655E
:10C5B8006C6C756C6520656E204E5549542C207640
:10C5C8006575696C6C657A207265657373617965E8
:10C5D800720D0A0043656C6C756C65204E554954A4
:10C5E800202D2D3E204F4B0D0A0000004552524F82
:10C5F800523A204465666175742063656C6C756C8D
:10C608006520656E204A4F55522C20766575696CF9
:10C618006C657A207265657373617965720D0A00BD
:10C628005453543D300D00002D2D2D2D20455441DF
:10C6380050452030202D2D2D2D0D0A002D2D2D2D6E
:10C648002045544150452031202D2D2D2D0D0A0017
:10C658005045523D25730D0050455220656E766F4A
:10C6680079652E20417474656E746520636F6E66FB
:10C6780069726D6174696F6EE280A60D0A00000030
:10C688005045520D00000000466F726D61742069BC
:10C698006E76616C6964653A204C6520504552207D
:10C6A800646F6974206661697265203820646967FF
:10C6B8006974732C207265636F6D6D656E63657A3E
:10C6C800E280A60D0A0000002D2D2D2D2045544195
:10C6D80050452032202D2D2D2D0D0A005354530D79
:10C6E800000000002D2D2D2D2045544150452033AC
:10C6F800202D2D2D2D0D0A002D2D2D2D2045544199
:10C7080050452034202D2D2D2D0D0A002D2D2D2D99
:10C718002045544150452035202D2D2D2D0D0A0042
:10C728002D2D2D2D2045544150452036202D2D2DC1
:10C738002D0D0A002D2D2D2D204554415045203713
:10C74800202D2D2D2D0D0A005453543D310D000080
:10C758002D2D2D2D2045544150452038202D2D2D8F
:10C768002D0D0A004F5054520D0A00004F505459D5
:10C778000D0A00004F5054470D0A00004F50544610
:10C78800554C4C0D0A0000002D2D2D2D20455441EF
:10C7980050452039202D2D2D2D0D0A002D2D2D2D04
:10C7A800204554415045203130202D2D2D2D0D0A86
:10C7B800000000002D2D2D2D2045544150452031DD
:10C7C80031202D2D2D2D0D0A000000002D2D2D2D91
:10C7D800204554415045203132202D2D2D2D0D0A54
:10C7E800000000002D2D2D2D2045544150452031AD
:10C7F80033202D2D2D2D0D0A000000000D0A0000FC
:10C80800564552203D000000564552203D20253314
:10C81800315B5E0D0A5D0000435243203D0000007D
:10C82800435243203D202536335B5E0D0A5D0000F0
:10C838004C414E203D0000004C414E203D2025310A
:10C84800355B5E0D0A5D0000414343203D0000005A
:10C85800414343203D20256600000000424154200A
:10C868003D000000424154203D20256600000000A4
:10C8780043454C203D00000043454C203D202566A3
:10C888000000000043454C203D20256300000000C7
:10C898004C554D203D0000004C554D203D20256352
:10C8A80000000000444950203D0000004F4E0000A9
:10C8B8002025643A25337300494E50203D0000007E
:10C8C80064656661756C745461736B00537461744C
:10C8D800654D616368696E655461736B00000000A3
:10C8E8004552524F5200000049444C450000000098
:10C8F800546D722053766300546D7251000000002D
:10C908008BCA00088ECA000891CA0008C8C8000867
:10C91800000000000000000000000000000000000F
:10C9280000020000180000000000000000000000E5
:10C93800D4C800080000000000000000000000004B
:10C9480000000000000800001800000000000000BF
:10C9580000000000000000000000000001020304C5
:10C968000607080900000000010203040203040589
:10C97800060708090A0B0C0D0E0F10100102652599
:10C988006C64005245454E54206D616C6C6F632099
:10C99800737563636565646564002F6275696C64AB
:10C9A8002F676E752D746F6F6C732D666F722D7394
:10C9B800746D33325F31332E332E72656C312E3203
:10C9C800303234303932362D313731352F73726386
:10C9D8002F6E65776C69622F6E65776C69622F6C54
:10C9E8006962632F737472696E672F737472746FE0
:10C9F8006B2E63002C2066756E6374696F6E3A2027
:10CA080000617373657274696F6E2022257322202A
:10CA18006661696C65643A2066696C6520222573D5
:10CA2800222C206C696E65202564257325730A0005
:10CA38002E006E6600696E69747900616E00232DA0
:10CA4800302B2000686C4C0065666745464700300F
:10CA5800313233343536373839414243444546005C
:10CA6800303132333435363738396162636465665C
:10CA780000412D46612D6638393031323334353630
:10CA8800375D002B2D003030007858004300504FA0
:10CA98005349580042616C6C6F632073756363651A
:10CAA80065646564002F6275696C642F676E752D07
:10CAB800746F6F6C732D666F722D73746D33325F84
:10CAC80031332E332E72656C312E32303234303998
:10CAD80032362D313731352F7372632F6E65776C8F
:10CAE80069622F6E65776C69622F6C6962632F7358
:10CAF80074646C69622F6764746F612D676574680C
:10CB080065782E63002F6275696C642F676E752DCA
:10CB1800746F6F6C732D666F722D73746D33325F23
:10CB280031332E332E72656C312E32303234303937
:10CB380032362D313731352F7372632F6E65776C2E
:10CB480069622F6E65776C69622F6C6962632F73F7
:10CB580074646C69622F6D707265632E63000000E7
:10CB680034000000CEFBFFFFCB03000001000000F3
:10CB78000000000035000000CEFBFFFFCB030000E3
:10CB88000100000000000000BC89D897B2D29C3C8C
:10CB980033A7A8D523F649393DA7F444FD0FA5329C
:10CBA8009D978CCF08BA5B25436FAC642806681143
:10CBB8000020202020202020202028282828282065
:10CBC800202020202020202020202020202020205D
:10CBD80020881010101010101010101010101010C5
:10CBE80010040404040404040404041010101010B5
:10CBF800101041414141414101010101010101017F
:10CC080001010101010101010101010110101010D0
:10CC18001010424242424242020202020202020250
:10CC280002020202020202020202020210101010A4
:10CC380020000000000000000000000000000000CC
:10CC480000000000000000000000000000000000DC
:10CC580000000000000000000000000000000000CC
:10CC680000000000000000000000000000000000BC
:10CC780000000000000000000000000000000000AC
:10CC8800000000000000000000000000000000009C
:10CC9800000000000000000000000000000000008C
:10CCA800000000000000000000000000000000007C
:10CCB8000000000005000000190000007D000000D1
:10CCC8000080E03779C34143176E05B5B5B8934680
:10CCD800F5F93FE9034F384D321D30F94877825A4C
:10CCE8003CBF737FDD4F1575000000000000F03F6A
:10CCF800000000000000244000000000000059402F
:10CD08000000000000408F40000000000088C34081
:10CD180000000000006AF8400000000080842E41F6
:10CD280000000000D01263410000000084D7974142
:10CD38000000000065CDCD41000000205FA0024248
:10CD4800000000E876483742000000A2941A6D42BD
:10CD5800000040E59C30A2420000901EC4BCD642B0
:10CD680000003426F56B0C430080E03779C341435B
:10CD780000A0D8855734764300C84E676DC1AB43D1
:10CD8800003D9160E458E143408CB5781DAF1544EF
:10CD980050EFE2D6E41A4B4492D54D06CFF08044CA
:10CDA800F64AE1C7022DB544B49DD9794378EA44DF
:08CDB8009833FF7F0100000029
:04CDC0003501000831
:04CDC4001101000851
:10CDC80000127A001000000001000000AAAAAAAA16
:10CDD8000000000003000000C81F00202000002001
:10CDE80000000000C81F00203020002098200020EC
:10CDF800000000000000000000000000000000002B
:10CE0800000000000000000000000000000000001A
:10CE1800000000000000000000000000000000000A
:10CE280000000000000000000000000043000000B7
:10CE380000000000000000000000000000000000EA
:10CE48000000000000000000000000004300000097
:10CE580000000000000000000000000000000000CA
:10CE68000000000000000000000000004300000077
:10CE780000000000000000000000000000000000AA
:10CE88000000000000000000000000004300000057
:10CE9800000000000000000000000000000000008A
:10CEA8000000000000000000000000004300000037
:10CEB800000000000000000000000000000000006A
:10CEC8000000000000000000000000004300000017
:10CED800000000000000000000000000000000004A
:10CEE80000000000000000000000000043000000F7
:10CEF800000000000000000000000000000000002A
:10CF080000000000000000000000000019BD00083B
:10CF180077B2000800000000B8CB000838CA000843
:10CF280037CA000837CA000837CA000837CA0008D5
:10CF380037CA000837CA000837CA000837CA0008C5
:10CF480037CA0008FFFFFFFFFFFFFFFFFFFFFFFFDC
:10CF5800FFFF000001004153434949000000000061
:10CF680000000000000000000000000000000000B9
:10CF78000000000000004153434949000000000040
:10CF88000000000000000000000000000000000099
:08CF9800000000000000000091
:0400000508002C4D76
:00000001FF
